id,created_at,name,band,clearanceFeeExport,priceImport,clearanceFee,priceFull,type,priceExport,hs_code,description_clean,image_search_link,HS_Reference_Link,image_urls
92030,2025-06-08T18:26:55.494201+00:00,حمير,1013000.0,2,40.0,13.0,53.0,عدد,0,1013000,حمير,https://www.bing.com/images/search?q=%D8%AD%D9%85%D9%8A%D8%B1,https://globaltradehelpdesk.org/ar/resources/search-hs-code?code=01013000,[]
92031,2025-06-08T18:26:55.494201+00:00,"خيول وحمير وبغال ونغال? حية. عدا (عدا العرق النقي للأنسال),",1019000.0,2,40.0,13.0,53.0,عدد,0,1019000,"خيول وحمير وبغال ونغال? حية. عدا (عدا العرق النقي للأنسال),",https://www.bing.com/images/search?q=%D8%AE%D9%8A%D9%88%D9%84%20%D9%88%D8%AD%D9%85%D9%8A%D8%B1%20%D9%88%D8%A8%D8%BA%D8%A7%D9%84%20%D9%88%D9%86%D8%BA%D8%A7%D9%84%3F%20%D8%AD%D9%8A%D8%A9.%20%D8%B9%D8%AF%D8%A7,https://globaltradehelpdesk.org/ar/resources/search-hs-code?code=01019000,[]
92032,2025-06-08T18:26:55.494201+00:00,ابقار اليفة اصيلة للانسال,1022100.0,2,40.0,13.0,53.0,عدد,0,1022100,ابقار اليفة اصيلة للانسال,https://www.bing.com/images/search?q=%D8%A7%D8%A8%D9%82%D8%A7%D8%B1%20%D8%A7%D9%84%D9%8A%D9%81%D8%A9%20%D8%A7%D8%B5%D9%8A%D9%84%D8%A9%20%D9%84%D9%84%D8%A7%D9%86%D8%B3%D8%A7%D9%84,https://globaltradehelpdesk.org/ar/resources/search-hs-code?code=01022100,[]
92033,2025-06-08T18:26:55.494201+00:00,غيرها,1022900.0,2,40.0,13.0,53.0,عدد,0,1022900,غيرها,https://www.bing.com/images/search?q=%D8%BA%D9%8A%D8%B1%D9%87%D8%A7,https://globaltradehelpdesk.org/ar/resources/search-hs-code?code=01022900,[]
92034,2025-06-08T18:26:55.494201+00:00,جواميس أصيلة للانسال,1023100.0,2,40.0,13.0,53.0,عدد,0,1023100,جواميس أصيلة للانسال,https://www.bing.com/images/search?q=%D8%AC%D9%88%D8%A7%D9%85%D9%8A%D8%B3%20%D8%A3%D8%B5%D9%8A%D9%84%D8%A9%20%D9%84%D9%84%D8%A7%D9%86%D8%B3%D8%A7%D9%84,https://globaltradehelpdesk.org/ar/resources/search-hs-code?code=01023100,[]
92035,2025-06-08T18:26:55.494201+00:00,غيرها,1023900.0,2,40.0,13.0,53.0,عدد,0,1023900,غيرها,https://www.bing.com/images/search?q=%D8%BA%D9%8A%D8%B1%D9%87%D8%A7,https://globaltradehelpdesk.org/ar/resources/search-hs-code?code=01023900,[]
92036,2025-06-08T18:26:55.494201+00:00,"حيوانات حية من فصيلة الأبقار عدا ا(عدا العرق النقي للأنسال),",1029000.0,2,40.0,13.0,53.0,عدد,0,1029000,"حيوانات حية من فصيلة الأبقار عدا ا(عدا العرق النقي للأنسال),",https://www.bing.com/images/search?q=%D8%AD%D9%8A%D9%88%D8%A7%D9%86%D8%A7%D8%AA%20%D8%AD%D9%8A%D8%A9%20%D9%85%D9%86%20%D9%81%D8%B5%D9%8A%D9%84%D8%A9%20%D8%A7%D9%84%D8%A3%D8%A8%D9%82%D8%A7%D8%B1%20%D8%B9%D8%AF%D8%A7%20%D8%A7%2C,https://globaltradehelpdesk.org/ar/resources/search-hs-code?code=01029000,[]
92037,2025-06-08T18:26:55.494201+00:00,حيوانات من فصيلة ضأن حية.,1041000.0,2,5.0,2.0,7.0,عدد,0,1041000,حيوانات من فصيلة ضأن حية.,https://www.bing.com/images/search?q=%D8%AD%D9%8A%D9%88%D8%A7%D9%86%D8%A7%D8%AA%20%D9%85%D9%86%20%D9%81%D8%B5%D9%8A%D9%84%D8%A9%20%D8%B6%D8%A3%D9%86%20%D8%AD%D9%8A%D8%A9.,https://globaltradehelpdesk.org/ar/resources/search-hs-code?code=01041000,[]
92038,2025-06-08T18:26:55.494201+00:00,حيوانات من فصيلة ماعز حية.,1042000.0,2,5.0,2.0,7.0,عدد,0,1042000,حيوانات من فصيلة ماعز حية.,https://www.bing.com/images/search?q=%D8%AD%D9%8A%D9%88%D8%A7%D9%86%D8%A7%D8%AA%20%D9%85%D9%86%20%D9%81%D8%B5%D9%8A%D9%84%D8%A9%20%D9%85%D8%A7%D8%B9%D8%B2%20%D8%AD%D9%8A%D8%A9.,https://globaltradehelpdesk.org/ar/resources/search-hs-code?code=01042000,[]
92039,2025-06-08T18:26:55.494201+00:00,"دواجن, من فصيلة غالوس دومستيكاس""Gallus Domesticus"" بوزن لايزيد عن 185 غ.",1051100.0,2,0.07,0.02,0.1,عدد,0,1051100,"دواجن, من فصيلة غالوس دومستيكاس""Gallus Domesticus"" بوزن لايزيد عن  غ.",https://www.bing.com/images/search?q=%D8%AF%D9%88%D8%A7%D8%AC%D9%86%2C%20%D9%85%D9%86%20%D9%81%D8%B5%D9%8A%D9%84%D8%A9%20%D8%BA%D8%A7%D9%84%D9%88%D8%B3%20%D8%AF%D9%88%D9%85%D8%B3%D8%AA%D9%8A%D9%83%D8%A7%D8%B3%22Gallus%20Domesticus%22%20%D8%A8%D9%88%D8%B2%D9%86%20%D9%84%D8%A7%D9%8A%D8%B2%D9%8A%D8%AF%20%D8%B9%D9%86%20%D8%BA.,https://globaltradehelpdesk.org/ar/resources/search-hs-code?code=01051100,[]
92040,2025-06-08T18:26:55.494201+00:00,ديوك ودجاج رومي بوزن لايزيد عن 185 غ.,1051200.0,2,0.07,0.02,0.1,عدد,0,1051200,ديوك ودجاج رومي بوزن لايزيد عن  غ.,https://www.bing.com/images/search?q=%D8%AF%D9%8A%D9%88%D9%83%20%D9%88%D8%AF%D8%AC%D8%A7%D8%AC%20%D8%B1%D9%88%D9%85%D9%8A%20%D8%A8%D9%88%D8%B2%D9%86%20%D9%84%D8%A7%D9%8A%D8%B2%D9%8A%D8%AF%20%D8%B9%D9%86%20%D8%BA.,https://globaltradehelpdesk.org/ar/resources/search-hs-code?code=01051200,[]
92041,2025-06-08T18:26:55.494201+00:00,بط بوزن لايزيد عن 185 غ.,1051300.0,2,0.07,0.02,0.1,عدد,0,1051300,بط بوزن لايزيد عن  غ.,https://www.bing.com/images/search?q=%D8%A8%D8%B7%20%D8%A8%D9%88%D8%B2%D9%86%20%D9%84%D8%A7%D9%8A%D8%B2%D9%8A%D8%AF%20%D8%B9%D9%86%20%D8%BA.,https://globaltradehelpdesk.org/ar/resources/search-hs-code?code=01051300,[]
92042,2025-06-08T18:26:55.494201+00:00,إوز بوزن لايزيد عن 185 غ.,1051400.0,2,0.07,0.02,0.1,عدد,0,1051400,إوز بوزن لايزيد عن  غ.,https://www.bing.com/images/search?q=%D8%A5%D9%88%D8%B2%20%D8%A8%D9%88%D8%B2%D9%86%20%D9%84%D8%A7%D9%8A%D8%B2%D9%8A%D8%AF%20%D8%B9%D9%86%20%D8%BA.,https://globaltradehelpdesk.org/ar/resources/search-hs-code?code=01051400,[]
92043,2025-06-08T18:26:55.494201+00:00,دجاج غينيا (غرغر) بوزن لايزيد عن 185 غ.,1051500.0,2,0.07,0.02,0.1,عدد,0,1051500,دجاج غينيا (غرغر) بوزن لايزيد عن  غ.,https://www.bing.com/images/search?q=%D8%AF%D8%AC%D8%A7%D8%AC%20%D8%BA%D9%8A%D9%86%D9%8A%D8%A7%20%D8%A8%D9%88%D8%B2%D9%86%20%D9%84%D8%A7%D9%8A%D8%B2%D9%8A%D8%AF%20%D8%B9%D9%86%20%D8%BA.,https://globaltradehelpdesk.org/ar/resources/search-hs-code?code=01051500,[]
92044,2025-06-08T18:26:55.494201+00:00,"دواجن, من فصيلة غالوس دومستيكاس""Gallus Domesticus"" بوزن لا يزيد عن 185 غ.",1059400.0,2,0.07,0.02,0.1,عدد,0,1059400,"دواجن, من فصيلة غالوس دومستيكاس""Gallus Domesticus"" بوزن لا يزيد عن  غ.",https://www.bing.com/images/search?q=%D8%AF%D9%88%D8%A7%D8%AC%D9%86%2C%20%D9%85%D9%86%20%D9%81%D8%B5%D9%8A%D9%84%D8%A9%20%D8%BA%D8%A7%D9%84%D9%88%D8%B3%20%D8%AF%D9%88%D9%85%D8%B3%D8%AA%D9%8A%D9%83%D8%A7%D8%B3%22Gallus%20Domesticus%22%20%D8%A8%D9%88%D8%B2%D9%86%20%D9%84%D8%A7%20%D9%8A%D8%B2%D9%8A%D8%AF%20%D8%B9%D9%86%20%D8%BA.,https://globaltradehelpdesk.org/ar/resources/search-hs-code?code=01059400,[]
92045,2025-06-08T18:26:55.494201+00:00,الرئيسات (الحيوانات العليا):,1061100.0,2,20.0,7.0,27.0,عدد,0,1061100,الرئيسات (الحيوانات العليا):,https://www.bing.com/images/search?q=%D8%A7%D9%84%D8%B1%D8%A6%D9%8A%D8%B3%D8%A7%D8%AA,https://globaltradehelpdesk.org/ar/resources/search-hs-code?code=01061100,[]
92046,2025-06-08T18:26:55.494201+00:00,"حيتان ودلافين  ودلافين صغيرة ""خنازير البحر"" (ثدييّات من فصيلة الحيتان)؛خرفان البحر والأطم (ثدييّات من فصيلة الخيلانيات أو أبقار البحر ""Sirenia"")، فقمات، أسود البحر وفظ (مورس)(ثدييات من الفصيلة الفرعية لزعنفيات الأقدام):",1061200.0,2,20.0,7.0,27.0,عدد,0,1061200,"حيتان ودلافين  ودلافين صغيرة ""خنازير البحر"" (ثدييّات من فصيلة الحيتان)؛خرفان البحر والأطم (ثدييّات من فصيلة الخيلانيات أو أبقار البحر ""Sirenia"")، فقمات، أسود البحر وفظ (مورس)(ثدييات من الفصيلة الفرعية لزعنفيات الأقدام):",https://www.bing.com/images/search?q=%D8%AD%D9%8A%D8%AA%D8%A7%D9%86%20%D9%88%D8%AF%D9%84%D8%A7%D9%81%D9%8A%D9%86%20%D9%88%D8%AF%D9%84%D8%A7%D9%81%D9%8A%D9%86%20%D8%B5%D8%BA%D9%8A%D8%B1%D8%A9%20%22%D8%AE%D9%86%D8%A7%D8%B2%D9%8A%D8%B1%20%D8%A7%D9%84%D8%A8%D8%AD%D8%B1%22%20%D8%9B%D8%AE%D8%B1%D9%81%D8%A7%D9%86%20%D8%A7%D9%84%D8%A8%D8%AD%D8%B1%20%D9%88%D8%A7%D9%84%D8%A3%D8%B7%D9%85%20%D9%81%D9%82%D9%85%D8%A7%D8%AA%D8%8C%20%D8%A3%D8%B3%D9%88%D8%AF%20%D8%A7%D9%84%D8%A8%D8%AD%D8%B1%20%D9%88%D9%81%D8%B8,https://globaltradehelpdesk.org/ar/resources/search-hs-code?code=01061200,[]
92047,2025-06-08T18:26:55.494201+00:00,جمال وغيرها من فصيلة الإبل (CAMELIDAE),1061300.0,2,20.0,7.0,27.0,عدد,0,1061300,جمال وغيرها من فصيلة الإبل (CAMELIDAE),https://www.bing.com/images/search?q=%D8%AC%D9%85%D8%A7%D9%84%20%D9%88%D8%BA%D9%8A%D8%B1%D9%87%D8%A7%20%D9%85%D9%86%20%D9%81%D8%B5%D9%8A%D9%84%D8%A9%20%D8%A7%D9%84%D8%A5%D8%A8%D9%84,https://globaltradehelpdesk.org/ar/resources/search-hs-code?code=01061300,[]
92048,2025-06-08T18:26:55.494201+00:00,ارانب أليفة و ارانب برية,1061400.0,2,5.0,2.0,7.0,عدد,0,1061400,ارانب أليفة و ارانب برية,https://www.bing.com/images/search?q=%D8%A7%D8%B1%D8%A7%D9%86%D8%A8%20%D8%A3%D9%84%D9%8A%D9%81%D8%A9%20%D8%A7%D8%B1%D8%A7%D9%86%D8%A8%20%D8%A8%D8%B1%D9%8A%D8%A9,https://globaltradehelpdesk.org/ar/resources/search-hs-code?code=01061400,[]
92049,2025-06-08T18:26:55.494201+00:00,غيرها ( من الطيور (عصافير متنوعة)),1061900.0,2,3.75,1.25,5.0,عدد,0,1061900,غيرها,https://www.bing.com/images/search?q=%D8%BA%D9%8A%D8%B1%D9%87%D8%A7,https://globaltradehelpdesk.org/ar/resources/search-hs-code?code=01061900,[]
92050,2025-06-08T18:26:55.494201+00:00,زواحف (بما في ذلك  الأفاعي والسلاحف):,1062000.0,2,5.0,2.0,7.0,عدد,0,1062000,زواحف (بما في ذلك  الأفاعي والسلاحف):,https://www.bing.com/images/search?q=%D8%B2%D9%88%D8%A7%D8%AD%D9%81,https://globaltradehelpdesk.org/ar/resources/search-hs-code?code=01062000,[]
92051,2025-06-08T18:26:55.494201+00:00,جوارح (طيور مفترسة):(البوم وغيرها),1063110.0,2,37.5,12.5,50.0,عدد,0,1063110,جوارح (طيور مفترسة):,https://www.bing.com/images/search?q=%D8%AC%D9%88%D8%A7%D8%B1%D8%AD,https://globaltradehelpdesk.org/ar/resources/search-hs-code?code=01063110,[]
92052,2025-06-08T18:26:55.494201+00:00,جوارح (طيور مفترسة):(طيور حرة),1063190.0,2,375.0,125.0,500.0,عدد,0,1063190,جوارح (طيور مفترسة):,https://www.bing.com/images/search?q=%D8%AC%D9%88%D8%A7%D8%B1%D8%AD,https://globaltradehelpdesk.org/ar/resources/search-hs-code?code=01063190,[]
92053,2025-06-08T18:26:55.494201+00:00,فصيلة الببّاغاوات حية (ذات الحجم العادي أوالصغير أو الضخم أو الاسترالية).,1063200.0,2,75.0,25.0,100.0,عدد,0,1063200,فصيلة الببّاغاوات حية (ذات الحجم العادي أوالصغير أو الضخم أو الاسترالية).,https://www.bing.com/images/search?q=%D9%81%D8%B5%D9%8A%D9%84%D8%A9%20%D8%A7%D9%84%D8%A8%D8%A8%D9%91%D8%A7%D8%BA%D8%A7%D9%88%D8%A7%D8%AA%20%D8%AD%D9%8A%D8%A9,https://globaltradehelpdesk.org/ar/resources/search-hs-code?code=01063200,[]
92054,2025-06-08T18:26:55.494201+00:00,طيور النعام ، نعام استرالي(dromaius novaehllandiae emus),1063300.0,2,40.0,13.0,53.0,عدد,0,1063300,طيور النعام ، نعام استرالي(dromaius novaehllandiae emus),https://www.bing.com/images/search?q=%D8%B7%D9%8A%D9%88%D8%B1%20%D8%A7%D9%84%D9%86%D8%B9%D8%A7%D9%85%20%D9%86%D8%B9%D8%A7%D9%85%20%D8%A7%D8%B3%D8%AA%D8%B1%D8%A7%D9%84%D9%8A,https://globaltradehelpdesk.org/ar/resources/search-hs-code?code=01063300,[]
92055,2025-06-08T18:26:55.494201+00:00,غيرها:,1063900.0,2,40.0,13.0,53.0,عدد,0,1063900,غيرها:(البوم),https://www.bing.com/images/search?q=%D8%BA%D9%8A%D8%B1%D9%87%D8%A7%3A,https://globaltradehelpdesk.org/ar/resources/search-hs-code?code=01063900,[]
92056,2025-06-08T18:26:55.494201+00:00,حشرات نحل (وان كانت بشكل صناديق),1064100.0,2,3.75,1.25,5.0,عدد,0,1064100,حشرات نحل,https://www.bing.com/images/search?q=%D8%AD%D8%B4%D8%B1%D8%A7%D8%AA%20%D9%86%D8%AD%D9%84,https://globaltradehelpdesk.org/ar/resources/search-hs-code?code=01064100,[]
92057,2025-06-08T18:26:55.494201+00:00,غيرها ( من الحشرات),1064900.0,2,3.75,1.25,5.0,عدد,0,1064900,غيرها ( من الحشرات),https://www.bing.com/images/search?q=%D8%BA%D9%8A%D8%B1%D9%87%D8%A7,https://globaltradehelpdesk.org/ar/resources/search-hs-code?code=01064900,[]
92058,2025-06-08T18:26:55.494201+00:00,غيرها من الحيوانات الحية (ضفادع وغيرها),1069000.0,2,3.75,1.25,5.0,عدد,0,1069000,غيرها من الحيوانات الحية,https://www.bing.com/images/search?q=%D8%BA%D9%8A%D8%B1%D9%87%D8%A7%20%D9%85%D9%86%20%D8%A7%D9%84%D8%AD%D9%8A%D9%88%D8%A7%D9%86%D8%A7%D8%AA%20%D8%A7%D9%84%D8%AD%D9%8A%D8%A9,https://globaltradehelpdesk.org/ar/resources/search-hs-code?code=01069000,[]
92059,2025-06-08T18:26:55.494201+00:00,ذبائح الأبقار كاملة وأنصاف ذبائح، طازجة أو مبردة.,2011000.0,2,375.0,125.0,500.0,وزن,0,2011000,ذبائح الأبقار كاملة وأنصاف ذبائح، طازجة أو مبردة.,https://www.bing.com/images/search?q=%D8%B0%D8%A8%D8%A7%D8%A6%D8%AD%20%D8%A7%D9%84%D8%A3%D8%A8%D9%82%D8%A7%D8%B1%20%D9%83%D8%A7%D9%85%D9%84%D8%A9%20%D9%88%D8%A3%D9%86%D8%B5%D8%A7%D9%81%20%D8%B0%D8%A8%D8%A7%D8%A6%D8%AD%D8%8C%20%D8%B7%D8%A7%D8%B2%D8%AC%D8%A9%20%D8%A3%D9%88%20%D9%85%D8%A8%D8%B1%D8%AF%D8%A9.,https://globaltradehelpdesk.org/ar/resources/search-hs-code?code=02011000,[]
92060,2025-06-08T18:26:55.494201+00:00,قطع أخرى من لحوم الأبقار بعظامها، طازجة أو مبردة.,2012000.0,2,375.0,125.0,500.0,وزن,0,2012000,قطع أخرى من لحوم الأبقار بعظامها، طازجة أو مبردة.,https://www.bing.com/images/search?q=%D9%82%D8%B7%D8%B9%20%D8%A3%D8%AE%D8%B1%D9%89%20%D9%85%D9%86%20%D9%84%D8%AD%D9%88%D9%85%20%D8%A7%D9%84%D8%A3%D8%A8%D9%82%D8%A7%D8%B1%20%D8%A8%D8%B9%D8%B8%D8%A7%D9%85%D9%87%D8%A7%D8%8C%20%D8%B7%D8%A7%D8%B2%D8%AC%D8%A9%20%D8%A3%D9%88%20%D9%85%D8%A8%D8%B1%D8%AF%D8%A9.,https://globaltradehelpdesk.org/ar/resources/search-hs-code?code=02012000,[]
92061,2025-06-08T18:26:55.494201+00:00,قطع أخرى من لحوم الأبقار بدون عظام، طازجة أو مبردة.,2013000.0,2,375.0,125.0,500.0,وزن,0,2013000,قطع أخرى من لحوم الأبقار بدون عظام، طازجة أو مبردة.,https://www.bing.com/images/search?q=%D9%82%D8%B7%D8%B9%20%D8%A3%D8%AE%D8%B1%D9%89%20%D9%85%D9%86%20%D9%84%D8%AD%D9%88%D9%85%20%D8%A7%D9%84%D8%A3%D8%A8%D9%82%D8%A7%D8%B1%20%D8%A8%D8%AF%D9%88%D9%86%20%D8%B9%D8%B8%D8%A7%D9%85%D8%8C%20%D8%B7%D8%A7%D8%B2%D8%AC%D8%A9%20%D8%A3%D9%88%20%D9%85%D8%A8%D8%B1%D8%AF%D8%A9.,https://globaltradehelpdesk.org/ar/resources/search-hs-code?code=02013000,[]
92517,2025-06-08T18:26:56.596546+00:00,غيرها (من الموز),8039000.0,2,40.0,13.0,53.0,وزن,0,8039000,غيرها (من الموز),https://www.bing.com/images/search?q=%D8%BA%D9%8A%D8%B1%D9%87%D8%A7,https://globaltradehelpdesk.org/ar/resources/search-hs-code?code=08039000,[]
92029,2025-06-08T18:26:55.494201+00:00,غيرها,1012900.0,2,225.0,75.0,300.0,عدد,0,1012900,غيرها,https://www.bing.com/images/search?q=%D8%BA%D9%8A%D8%B1%D9%87%D8%A7,https://globaltradehelpdesk.org/ar/resources/search-hs-code?code=01012900,[]
92626,2025-06-08T18:26:56.596546+00:00,حبوب العصافير,10083000.0,2,20.0,7.0,27.0,وزن,0,10083000,حبوب العصافير,https://www.bing.com/images/search?q=%D8%AD%D8%A8%D9%88%D8%A8%20%D8%A7%D9%84%D8%B9%D8%B5%D8%A7%D9%81%D9%8A%D8%B1,https://globaltradehelpdesk.org/ar/resources/search-hs-code?code=10083000,[]
92062,2025-06-08T18:26:55.494201+00:00,ذبائح الأبقار كاملة وأنصاف ذبائح، مجمدة.,2021000.0,2,375.0,125.0,500.0,وزن,0,2021000,ذبائح الأبقار كاملة وأنصاف ذبائح، مجمدة.,https://www.bing.com/images/search?q=%D8%B0%D8%A8%D8%A7%D8%A6%D8%AD%20%D8%A7%D9%84%D8%A3%D8%A8%D9%82%D8%A7%D8%B1%20%D9%83%D8%A7%D9%85%D9%84%D8%A9%20%D9%88%D8%A3%D9%86%D8%B5%D8%A7%D9%81%20%D8%B0%D8%A8%D8%A7%D8%A6%D8%AD%D8%8C%20%D9%85%D8%AC%D9%85%D8%AF%D8%A9.,https://globaltradehelpdesk.org/ar/resources/search-hs-code?code=02021000,[]
92063,2025-06-08T18:26:55.494201+00:00,قطع أخرى من لحوم الأبقار بعظامها، مجمدة.,2022000.0,2,375.0,125.0,500.0,وزن,0,2022000,قطع أخرى من لحوم الأبقار بعظامها، مجمدة.,https://www.bing.com/images/search?q=%D9%82%D8%B7%D8%B9%20%D8%A3%D8%AE%D8%B1%D9%89%20%D9%85%D9%86%20%D9%84%D8%AD%D9%88%D9%85%20%D8%A7%D9%84%D8%A3%D8%A8%D9%82%D8%A7%D8%B1%20%D8%A8%D8%B9%D8%B8%D8%A7%D9%85%D9%87%D8%A7%D8%8C%20%D9%85%D8%AC%D9%85%D8%AF%D8%A9.,https://globaltradehelpdesk.org/ar/resources/search-hs-code?code=02022000,[]
92064,2025-06-08T18:26:55.494201+00:00,قطع أخرى من لحوم الأبقار بدون عظام، مجمدة.,2023000.0,2,375.0,125.0,500.0,وزن,0,2023000,قطع أخرى من لحوم الأبقار بدون عظام، مجمدة.,https://www.bing.com/images/search?q=%D9%82%D8%B7%D8%B9%20%D8%A3%D8%AE%D8%B1%D9%89%20%D9%85%D9%86%20%D9%84%D8%AD%D9%88%D9%85%20%D8%A7%D9%84%D8%A3%D8%A8%D9%82%D8%A7%D8%B1%20%D8%A8%D8%AF%D9%88%D9%86%20%D8%B9%D8%B8%D8%A7%D9%85%D8%8C%20%D9%85%D8%AC%D9%85%D8%AF%D8%A9.,https://globaltradehelpdesk.org/ar/resources/search-hs-code?code=02023000,[]
92065,2025-06-08T18:26:55.494201+00:00,"ذبائح كاملة وأنصاف ذبائح,من حملان, طازجة أو مبردة",2041000.0,2,375.0,125.0,500.0,وزن,0,2041000,"ذبائح كاملة وأنصاف ذبائح,من حملان, طازجة أو مبردة",https://www.bing.com/images/search?q=%D8%B0%D8%A8%D8%A7%D8%A6%D8%AD%20%D9%83%D8%A7%D9%85%D9%84%D8%A9%20%D9%88%D8%A3%D9%86%D8%B5%D8%A7%D9%81%20%D8%B0%D8%A8%D8%A7%D8%A6%D8%AD%2C%D9%85%D9%86%20%D8%AD%D9%85%D9%84%D8%A7%D9%86%2C%20%D8%B7%D8%A7%D8%B2%D8%AC%D8%A9%20%D8%A3%D9%88%20%D9%85%D8%A8%D8%B1%D8%AF%D8%A9,https://globaltradehelpdesk.org/ar/resources/search-hs-code?code=02041000,[]
92066,2025-06-08T18:26:55.494201+00:00,"ذبائح كاملة وأنصاف ذبائح, من لحوم فصيلة ضأن أخر (عدا الحملان),طازجة أو مبردة",2042100.0,2,375.0,125.0,500.0,وزن,0,2042100,"ذبائح كاملة وأنصاف ذبائح, من لحوم فصيلة ضأن أخر (عدا الحملان),طازجة أو مبردة",https://www.bing.com/images/search?q=%D8%B0%D8%A8%D8%A7%D8%A6%D8%AD%20%D9%83%D8%A7%D9%85%D9%84%D8%A9%20%D9%88%D8%A3%D9%86%D8%B5%D8%A7%D9%81%20%D8%B0%D8%A8%D8%A7%D8%A6%D8%AD%2C%20%D9%85%D9%86%20%D9%84%D8%AD%D9%88%D9%85%20%D9%81%D8%B5%D9%8A%D9%84%D8%A9%20%D8%B6%D8%A3%D9%86%20%D8%A3%D8%AE%D8%B1%20%2C%D8%B7%D8%A7%D8%B2%D8%AC%D8%A9%20%D8%A3%D9%88%20%D9%85%D8%A8%D8%B1%D8%AF%D8%A9,https://globaltradehelpdesk.org/ar/resources/search-hs-code?code=02042100,[]
92067,2025-06-08T18:26:55.494201+00:00,"قطع أخر بعظمها,من لحوم فصيلة الضأن,طازجة أو مبردة",2042200.0,2,375.0,125.0,500.0,وزن,0,2042200,"قطع أخر بعظمها,من لحوم فصيلة الضأن,طازجة أو مبردة",https://www.bing.com/images/search?q=%D9%82%D8%B7%D8%B9%20%D8%A3%D8%AE%D8%B1%20%D8%A8%D8%B9%D8%B8%D9%85%D9%87%D8%A7%2C%D9%85%D9%86%20%D9%84%D8%AD%D9%88%D9%85%20%D9%81%D8%B5%D9%8A%D9%84%D8%A9%20%D8%A7%D9%84%D8%B6%D8%A3%D9%86%2C%D8%B7%D8%A7%D8%B2%D8%AC%D8%A9%20%D8%A3%D9%88%20%D9%85%D8%A8%D8%B1%D8%AF%D8%A9,https://globaltradehelpdesk.org/ar/resources/search-hs-code?code=02042200,[]
92068,2025-06-08T18:26:55.494201+00:00,"قطع أخر بدون عظام، من لحوم فصيلة الضأن,طازجة أو مبردة",2042300.0,2,375.0,125.0,500.0,وزن,0,2042300,"قطع أخر بدون عظام، من لحوم فصيلة الضأن,طازجة أو مبردة",https://www.bing.com/images/search?q=%D9%82%D8%B7%D8%B9%20%D8%A3%D8%AE%D8%B1%20%D8%A8%D8%AF%D9%88%D9%86%20%D8%B9%D8%B8%D8%A7%D9%85%D8%8C%20%D9%85%D9%86%20%D9%84%D8%AD%D9%88%D9%85%20%D9%81%D8%B5%D9%8A%D9%84%D8%A9%20%D8%A7%D9%84%D8%B6%D8%A3%D9%86%2C%D8%B7%D8%A7%D8%B2%D8%AC%D8%A9%20%D8%A3%D9%88%20%D9%85%D8%A8%D8%B1%D8%AF%D8%A9,https://globaltradehelpdesk.org/ar/resources/search-hs-code?code=02042300,[]
92069,2025-06-08T18:26:55.494201+00:00,ذبائح كاملة وأنصاف ذبائح حملان? مجمدة,2043000.0,2,375.0,125.0,500.0,وزن,0,2043000,ذبائح كاملة وأنصاف ذبائح حملان? مجمدة,https://www.bing.com/images/search?q=%D8%B0%D8%A8%D8%A7%D8%A6%D8%AD%20%D9%83%D8%A7%D9%85%D9%84%D8%A9%20%D9%88%D8%A3%D9%86%D8%B5%D8%A7%D9%81%20%D8%B0%D8%A8%D8%A7%D8%A6%D8%AD%20%D8%AD%D9%85%D9%84%D8%A7%D9%86%3F%20%D9%85%D8%AC%D9%85%D8%AF%D8%A9,https://globaltradehelpdesk.org/ar/resources/search-hs-code?code=02043000,[]
92070,2025-06-08T18:26:55.494201+00:00,"ذبائح كاملة وأنصاف ذبائح ,من لحوم فصيلة ضأن أخر (عدا الحملان),مجمدة",2044100.0,2,375.0,125.0,500.0,وزن,0,2044100,"ذبائح كاملة وأنصاف ذبائح ,من لحوم فصيلة ضأن أخر (عدا الحملان),مجمدة",https://www.bing.com/images/search?q=%D8%B0%D8%A8%D8%A7%D8%A6%D8%AD%20%D9%83%D8%A7%D9%85%D9%84%D8%A9%20%D9%88%D8%A3%D9%86%D8%B5%D8%A7%D9%81%20%D8%B0%D8%A8%D8%A7%D8%A6%D8%AD%20%2C%D9%85%D9%86%20%D9%84%D8%AD%D9%88%D9%85%20%D9%81%D8%B5%D9%8A%D9%84%D8%A9%20%D8%B6%D8%A3%D9%86%20%D8%A3%D8%AE%D8%B1%20%2C%D9%85%D8%AC%D9%85%D8%AF%D8%A9,https://globaltradehelpdesk.org/ar/resources/search-hs-code?code=02044100,[]
92071,2025-06-08T18:26:55.494201+00:00,"قطع أخر بعظمها,من لحوم فصيلة ضأن، مجمدة",2044200.0,2,375.0,125.0,500.0,وزن,0,2044200,"قطع أخر بعظمها,من لحوم فصيلة ضأن، مجمدة",https://www.bing.com/images/search?q=%D9%82%D8%B7%D8%B9%20%D8%A3%D8%AE%D8%B1%20%D8%A8%D8%B9%D8%B8%D9%85%D9%87%D8%A7%2C%D9%85%D9%86%20%D9%84%D8%AD%D9%88%D9%85%20%D9%81%D8%B5%D9%8A%D9%84%D8%A9%20%D8%B6%D8%A3%D9%86%D8%8C%20%D9%85%D8%AC%D9%85%D8%AF%D8%A9,https://globaltradehelpdesk.org/ar/resources/search-hs-code?code=02044200,[]
92072,2025-06-08T18:26:55.494201+00:00,"قطع أخر بدون عظام,من لحوم فصيلة ضأن، مجمدة",2044300.0,2,375.0,125.0,500.0,وزن,0,2044300,"قطع أخر بدون عظام,من لحوم فصيلة ضأن، مجمدة",https://www.bing.com/images/search?q=%D9%82%D8%B7%D8%B9%20%D8%A3%D8%AE%D8%B1%20%D8%A8%D8%AF%D9%88%D9%86%20%D8%B9%D8%B8%D8%A7%D9%85%2C%D9%85%D9%86%20%D9%84%D8%AD%D9%88%D9%85%20%D9%81%D8%B5%D9%8A%D9%84%D8%A9%20%D8%B6%D8%A3%D9%86%D8%8C%20%D9%85%D8%AC%D9%85%D8%AF%D8%A9,https://globaltradehelpdesk.org/ar/resources/search-hs-code?code=02044300,[]
92073,2025-06-08T18:26:55.494201+00:00,"لحوم,من فصيلة الماعز,طازجة أو مبردة أو مجمدة",2045000.0,2,375.0,125.0,500.0,وزن,0,2045000,"لحوم,من فصيلة الماعز,طازجة أو مبردة أو مجمدة",https://www.bing.com/images/search?q=%D9%84%D8%AD%D9%88%D9%85%2C%D9%85%D9%86%20%D9%81%D8%B5%D9%8A%D9%84%D8%A9%20%D8%A7%D9%84%D9%85%D8%A7%D8%B9%D8%B2%2C%D8%B7%D8%A7%D8%B2%D8%AC%D8%A9%20%D8%A3%D9%88%20%D9%85%D8%A8%D8%B1%D8%AF%D8%A9%20%D8%A3%D9%88%20%D9%85%D8%AC%D9%85%D8%AF%D8%A9,https://globaltradehelpdesk.org/ar/resources/search-hs-code?code=02045000,[]
92074,2025-06-08T18:26:55.494201+00:00,"أحشاء وأطراف صالحة للأكل ,من  فصيلة الأبقار, طازجة أو مبردة",2061000.0,2,75.0,25.0,100.0,وزن,0,2061000,"أحشاء وأطراف صالحة للأكل ,من  فصيلة الأبقار, طازجة أو مبردة",https://www.bing.com/images/search?q=%D8%A3%D8%AD%D8%B4%D8%A7%D8%A1%20%D9%88%D8%A3%D8%B7%D8%B1%D8%A7%D9%81%20%D8%B5%D8%A7%D9%84%D8%AD%D8%A9%20%D9%84%D9%84%D8%A3%D9%83%D9%84%20%2C%D9%85%D9%86%20%D9%81%D8%B5%D9%8A%D9%84%D8%A9%20%D8%A7%D9%84%D8%A3%D8%A8%D9%82%D8%A7%D8%B1%2C%20%D8%B7%D8%A7%D8%B2%D8%AC%D8%A9%20%D8%A3%D9%88%20%D9%85%D8%A8%D8%B1%D8%AF%D8%A9,https://globaltradehelpdesk.org/ar/resources/search-hs-code?code=02061000,[]
92075,2025-06-08T18:26:55.494201+00:00,"ألسنة صالحة للأكل,من فصيلة الأبقار,مجمدة",2062100.0,2,75.0,25.0,100.0,وزن,0,2062100,"ألسنة صالحة للأكل,من فصيلة الأبقار,مجمدة",https://www.bing.com/images/search?q=%D8%A3%D9%84%D8%B3%D9%86%D8%A9%20%D8%B5%D8%A7%D9%84%D8%AD%D8%A9%20%D9%84%D9%84%D8%A3%D9%83%D9%84%2C%D9%85%D9%86%20%D9%81%D8%B5%D9%8A%D9%84%D8%A9%20%D8%A7%D9%84%D8%A3%D8%A8%D9%82%D8%A7%D8%B1%2C%D9%85%D8%AC%D9%85%D8%AF%D8%A9,https://globaltradehelpdesk.org/ar/resources/search-hs-code?code=02062100,[]
92076,2025-06-08T18:26:55.494201+00:00,"أكباد صالحة للأكل,من فصيلة الأبقار,مجمدة",2062200.0,2,75.0,25.0,100.0,وزن,0,2062200,"أكباد صالحة للأكل,من فصيلة الأبقار,مجمدة",https://www.bing.com/images/search?q=%D8%A3%D9%83%D8%A8%D8%A7%D8%AF%20%D8%B5%D8%A7%D9%84%D8%AD%D8%A9%20%D9%84%D9%84%D8%A3%D9%83%D9%84%2C%D9%85%D9%86%20%D9%81%D8%B5%D9%8A%D9%84%D8%A9%20%D8%A7%D9%84%D8%A3%D8%A8%D9%82%D8%A7%D8%B1%2C%D9%85%D8%AC%D9%85%D8%AF%D8%A9,https://globaltradehelpdesk.org/ar/resources/search-hs-code?code=02062200,[]
92077,2025-06-08T18:26:55.494201+00:00,"أحشاء وأطراف صالحةللأكل(عداالألسنةوالأكباد), من فصيلة الأبقار,مجمدة",2062900.0,2,75.0,25.0,100.0,وزن,0,2062900,"أحشاء وأطراف صالحةللأكل(عداالألسنةوالأكباد), من فصيلة الأبقار,مجمدة",https://www.bing.com/images/search?q=%D8%A3%D8%AD%D8%B4%D8%A7%D8%A1%20%D9%88%D8%A3%D8%B7%D8%B1%D8%A7%D9%81%20%D8%B5%D8%A7%D9%84%D8%AD%D8%A9%D9%84%D9%84%D8%A3%D9%83%D9%84%2C%20%D9%85%D9%86%20%D9%81%D8%B5%D9%8A%D9%84%D8%A9%20%D8%A7%D9%84%D8%A3%D8%A8%D9%82%D8%A7%D8%B1%2C%D9%85%D8%AC%D9%85%D8%AF%D8%A9,https://globaltradehelpdesk.org/ar/resources/search-hs-code?code=02062900,[]
92078,2025-06-08T18:26:55.494201+00:00,غيرها طازجة أو مبردة:,2068000.0,2,75.0,25.0,100.0,وزن,0,2068000,غيرها طازجة أو مبردة:,https://www.bing.com/images/search?q=%D8%BA%D9%8A%D8%B1%D9%87%D8%A7%20%D8%B7%D8%A7%D8%B2%D8%AC%D8%A9%20%D8%A3%D9%88%20%D9%85%D8%A8%D8%B1%D8%AF%D8%A9%3A,https://globaltradehelpdesk.org/ar/resources/search-hs-code?code=02068000,[]
92079,2025-06-08T18:26:55.494201+00:00,غيرها، مجمدة:,2069000.0,2,75.0,25.0,100.0,وزن,0,2069000,غيرها، مجمدة:,https://www.bing.com/images/search?q=%D8%BA%D9%8A%D8%B1%D9%87%D8%A7%D8%8C%20%D9%85%D8%AC%D9%85%D8%AF%D8%A9%3A,https://globaltradehelpdesk.org/ar/resources/search-hs-code?code=02069000,[]
92080,2025-06-08T18:26:55.494201+00:00,"لحوم وأحشاء وأطراف,غير مقطعة,صالحة للأكل,من دواجن طازجة أو مبردة",2071100.0,2,0.0,0.0,0.0,وزن,0,2071100,"لحوم وأحشاء وأطراف,غير مقطعة,صالحة للأكل,من دواجن طازجة أو مبردة",https://www.bing.com/images/search?q=%D9%84%D8%AD%D9%88%D9%85%20%D9%88%D8%A3%D8%AD%D8%B4%D8%A7%D8%A1%20%D9%88%D8%A3%D8%B7%D8%B1%D8%A7%D9%81%2C%D8%BA%D9%8A%D8%B1%20%D9%85%D9%82%D8%B7%D8%B9%D8%A9%2C%D8%B5%D8%A7%D9%84%D8%AD%D8%A9%20%D9%84%D9%84%D8%A3%D9%83%D9%84%2C%D9%85%D9%86%20%D8%AF%D9%88%D8%A7%D8%AC%D9%86%20%D8%B7%D8%A7%D8%B2%D8%AC%D8%A9%20%D8%A3%D9%88%20%D9%85%D8%A8%D8%B1%D8%AF%D8%A9,https://globaltradehelpdesk.org/ar/resources/search-hs-code?code=02071100,[]
92081,2025-06-08T18:26:55.494201+00:00,"لحوم وأحشاء وأطراف,غير مقطعة,صالحة للأكل,من دواجن مجمدة",2071200.0,2,75.0,25.0,100.0,وزن,0,2071200,"لحوم وأحشاء وأطراف,غير مقطعة,صالحة للأكل,من دواجن مجمدة",https://www.bing.com/images/search?q=%D9%84%D8%AD%D9%88%D9%85%20%D9%88%D8%A3%D8%AD%D8%B4%D8%A7%D8%A1%20%D9%88%D8%A3%D8%B7%D8%B1%D8%A7%D9%81%2C%D8%BA%D9%8A%D8%B1%20%D9%85%D9%82%D8%B7%D8%B9%D8%A9%2C%D8%B5%D8%A7%D9%84%D8%AD%D8%A9%20%D9%84%D9%84%D8%A3%D9%83%D9%84%2C%D9%85%D9%86%20%D8%AF%D9%88%D8%A7%D8%AC%D9%86%20%D9%85%D8%AC%D9%85%D8%AF%D8%A9,https://globaltradehelpdesk.org/ar/resources/search-hs-code?code=02071200,[]
92082,2025-06-08T18:26:55.494201+00:00,"قطع وأحشاء وأطراف,صالحة للأكل,من دواجن طازجة أو مبردة",2071300.0,2,0.0,0.0,0.0,وزن,0,2071300,"قطع وأحشاء وأطراف,صالحة للأكل,من دواجن طازجة أو مبردة",https://www.bing.com/images/search?q=%D9%82%D8%B7%D8%B9%20%D9%88%D8%A3%D8%AD%D8%B4%D8%A7%D8%A1%20%D9%88%D8%A3%D8%B7%D8%B1%D8%A7%D9%81%2C%D8%B5%D8%A7%D9%84%D8%AD%D8%A9%20%D9%84%D9%84%D8%A3%D9%83%D9%84%2C%D9%85%D9%86%20%D8%AF%D9%88%D8%A7%D8%AC%D9%86%20%D8%B7%D8%A7%D8%B2%D8%AC%D8%A9%20%D8%A3%D9%88%20%D9%85%D8%A8%D8%B1%D8%AF%D8%A9,https://globaltradehelpdesk.org/ar/resources/search-hs-code?code=02071300,[]
92083,2025-06-08T18:26:55.494201+00:00,"قطع وأحشاء وأطراف,صالحة للأكل,من دواجن ,مجمدة.(منزوعة ميكانيكياً MDM)",2071410.0,2,24.75,8.25,33.0,وزن,0,2071410,"قطع وأحشاء وأطراف,صالحة للأكل,من دواجن ,مجمدة.",https://www.bing.com/images/search?q=%D9%82%D8%B7%D8%B9%20%D9%88%D8%A3%D8%AD%D8%B4%D8%A7%D8%A1%20%D9%88%D8%A3%D8%B7%D8%B1%D8%A7%D9%81%2C%D8%B5%D8%A7%D9%84%D8%AD%D8%A9%20%D9%84%D9%84%D8%A3%D9%83%D9%84%2C%D9%85%D9%86%20%D8%AF%D9%88%D8%A7%D8%AC%D9%86%20%2C%D9%85%D8%AC%D9%85%D8%AF%D8%A9.,https://globaltradehelpdesk.org/ar/resources/search-hs-code?code=02071410,[]
92084,2025-06-08T18:26:55.494201+00:00,"قطع وأحشاء وأطراف,صالحة للأكل,من دواجن ,مجمدة.",2071490.0,2,75.0,25.0,100.0,وزن,0,2071490,"قطع وأحشاء وأطراف,صالحة للأكل,من دواجن ,مجمدة.",https://www.bing.com/images/search?q=%D9%82%D8%B7%D8%B9%20%D9%88%D8%A3%D8%AD%D8%B4%D8%A7%D8%A1%20%D9%88%D8%A3%D8%B7%D8%B1%D8%A7%D9%81%2C%D8%B5%D8%A7%D9%84%D8%AD%D8%A9%20%D9%84%D9%84%D8%A3%D9%83%D9%84%2C%D9%85%D9%86%20%D8%AF%D9%88%D8%A7%D8%AC%D9%86%20%2C%D9%85%D8%AC%D9%85%D8%AF%D8%A9.,https://globaltradehelpdesk.org/ar/resources/search-hs-code?code=02071490,[]
92085,2025-06-08T18:26:55.494201+00:00,"لحوم وأحشاء وأطراف,غير مقطعة,صالحة للأكل,من ديوك حبش,طازجة أو مبردة",2072400.0,2,0.0,0.0,0.0,وزن,0,2072400,"لحوم وأحشاء وأطراف,غير مقطعة,صالحة للأكل,من ديوك حبش,طازجة أو مبردة",https://www.bing.com/images/search?q=%D9%84%D8%AD%D9%88%D9%85%20%D9%88%D8%A3%D8%AD%D8%B4%D8%A7%D8%A1%20%D9%88%D8%A3%D8%B7%D8%B1%D8%A7%D9%81%2C%D8%BA%D9%8A%D8%B1%20%D9%85%D9%82%D8%B7%D8%B9%D8%A9%2C%D8%B5%D8%A7%D9%84%D8%AD%D8%A9%20%D9%84%D9%84%D8%A3%D9%83%D9%84%2C%D9%85%D9%86%20%D8%AF%D9%8A%D9%88%D9%83%20%D8%AD%D8%A8%D8%B4%2C%D8%B7%D8%A7%D8%B2%D8%AC%D8%A9%20%D8%A3%D9%88%20%D9%85%D8%A8%D8%B1%D8%AF%D8%A9,https://globaltradehelpdesk.org/ar/resources/search-hs-code?code=02072400,[]
92086,2025-06-08T18:26:55.494201+00:00,"لحوم وأحشاء وأطراف,غير مقطعة,صالحة للأكل,من ديوك حبش,مجمدة",2072500.0,2,75.0,25.0,100.0,وزن,0,2072500,"لحوم وأحشاء وأطراف,غير مقطعة,صالحة للأكل,من ديوك حبش,مجمدة",https://www.bing.com/images/search?q=%D9%84%D8%AD%D9%88%D9%85%20%D9%88%D8%A3%D8%AD%D8%B4%D8%A7%D8%A1%20%D9%88%D8%A3%D8%B7%D8%B1%D8%A7%D9%81%2C%D8%BA%D9%8A%D8%B1%20%D9%85%D9%82%D8%B7%D8%B9%D8%A9%2C%D8%B5%D8%A7%D9%84%D8%AD%D8%A9%20%D9%84%D9%84%D8%A3%D9%83%D9%84%2C%D9%85%D9%86%20%D8%AF%D9%8A%D9%88%D9%83%20%D8%AD%D8%A8%D8%B4%2C%D9%85%D8%AC%D9%85%D8%AF%D8%A9,https://globaltradehelpdesk.org/ar/resources/search-hs-code?code=02072500,[]
92087,2025-06-08T18:26:55.494201+00:00,"قطع وأحشاء وأطراف صالحة للأكل,من ديوك حبش, طازجة أومبردة",2072600.0,2,0.0,0.0,0.0,وزن,0,2072600,"قطع وأحشاء وأطراف صالحة للأكل,من ديوك حبش, طازجة أومبردة",https://www.bing.com/images/search?q=%D9%82%D8%B7%D8%B9%20%D9%88%D8%A3%D8%AD%D8%B4%D8%A7%D8%A1%20%D9%88%D8%A3%D8%B7%D8%B1%D8%A7%D9%81%20%D8%B5%D8%A7%D9%84%D8%AD%D8%A9%20%D9%84%D9%84%D8%A3%D9%83%D9%84%2C%D9%85%D9%86%20%D8%AF%D9%8A%D9%88%D9%83%20%D8%AD%D8%A8%D8%B4%2C%20%D8%B7%D8%A7%D8%B2%D8%AC%D8%A9%20%D8%A3%D9%88%D9%85%D8%A8%D8%B1%D8%AF%D8%A9,https://globaltradehelpdesk.org/ar/resources/search-hs-code?code=02072600,[]
92088,2025-06-08T18:26:55.494201+00:00,"قطع وأحشاء وأطراف صالحة للأكل,من ديوك حبش,مجمدة.",2072700.0,2,75.0,25.0,100.0,وزن,0,2072700,"قطع وأحشاء وأطراف صالحة للأكل,من ديوك حبش,مجمدة.",https://www.bing.com/images/search?q=%D9%82%D8%B7%D8%B9%20%D9%88%D8%A3%D8%AD%D8%B4%D8%A7%D8%A1%20%D9%88%D8%A3%D8%B7%D8%B1%D8%A7%D9%81%20%D8%B5%D8%A7%D9%84%D8%AD%D8%A9%20%D9%84%D9%84%D8%A3%D9%83%D9%84%2C%D9%85%D9%86%20%D8%AF%D9%8A%D9%88%D9%83%20%D8%AD%D8%A8%D8%B4%2C%D9%85%D8%AC%D9%85%D8%AF%D8%A9.,https://globaltradehelpdesk.org/ar/resources/search-hs-code?code=02072700,[]
92089,2025-06-08T18:26:55.494201+00:00,من بط غير مقطعة لاجزاء طازجة او مبردة,2074100.0,2,75.0,25.0,100.0,وزن,0,2074100,من بط غير مقطعة لاجزاء طازجة او مبردة,https://www.bing.com/images/search?q=%D9%85%D9%86%20%D8%A8%D8%B7%20%D8%BA%D9%8A%D8%B1%20%D9%85%D9%82%D8%B7%D8%B9%D8%A9%20%D9%84%D8%A7%D8%AC%D8%B2%D8%A7%D8%A1%20%D8%B7%D8%A7%D8%B2%D8%AC%D8%A9%20%D8%A7%D9%88%20%D9%85%D8%A8%D8%B1%D8%AF%D8%A9,https://globaltradehelpdesk.org/ar/resources/search-hs-code?code=02074100,[]
92090,2025-06-08T18:26:55.494201+00:00,"من بط غير مقطعة لاجزاء ,مجمدة",2074200.0,2,75.0,25.0,100.0,وزن,0,2074200,"من بط غير مقطعة لاجزاء ,مجمدة",https://www.bing.com/images/search?q=%D9%85%D9%86%20%D8%A8%D8%B7%20%D8%BA%D9%8A%D8%B1%20%D9%85%D9%82%D8%B7%D8%B9%D8%A9%20%D9%84%D8%A7%D8%AC%D8%B2%D8%A7%D8%A1%20%2C%D9%85%D8%AC%D9%85%D8%AF%D8%A9,https://globaltradehelpdesk.org/ar/resources/search-hs-code?code=02074200,[]
97353,2025-06-08T18:27:13.620582+00:00,أجزاء,87169000.0,2,225.0,75.0,300.0,وزن,0,87169000,أجزاء,https://www.bing.com/images/search?q=%D8%A3%D8%AC%D8%B2%D8%A7%D8%A1,https://globaltradehelpdesk.org/ar/resources/search-hs-code?code=87169000,[]
92091,2025-06-08T18:26:55.494201+00:00,"من بط أكباد دسمة , طازجة او مبردة",2074300.0,2,75.0,25.0,100.0,وزن,0,2074300,"من بط أكباد دسمة , طازجة او مبردة",https://www.bing.com/images/search?q=%D9%85%D9%86%20%D8%A8%D8%B7%20%D8%A3%D9%83%D8%A8%D8%A7%D8%AF%20%D8%AF%D8%B3%D9%85%D8%A9%20%D8%B7%D8%A7%D8%B2%D8%AC%D8%A9%20%D8%A7%D9%88%20%D9%85%D8%A8%D8%B1%D8%AF%D8%A9,https://globaltradehelpdesk.org/ar/resources/search-hs-code?code=02074300,[]
92092,2025-06-08T18:26:55.494201+00:00,"من بط , غيرها طازجة أو مبردة",2074400.0,2,75.0,25.0,100.0,وزن,0,2074400,"من بط , غيرها طازجة أو مبردة",https://www.bing.com/images/search?q=%D9%85%D9%86%20%D8%A8%D8%B7%20%D8%BA%D9%8A%D8%B1%D9%87%D8%A7%20%D8%B7%D8%A7%D8%B2%D8%AC%D8%A9%20%D8%A3%D9%88%20%D9%85%D8%A8%D8%B1%D8%AF%D8%A9,https://globaltradehelpdesk.org/ar/resources/search-hs-code?code=02074400,[]
92093,2025-06-08T18:26:55.494201+00:00,غيرها مجمدة,2074500.0,2,75.0,25.0,100.0,وزن,0,2074500,غيرها مجمدة,https://www.bing.com/images/search?q=%D8%BA%D9%8A%D8%B1%D9%87%D8%A7%20%D9%85%D8%AC%D9%85%D8%AF%D8%A9,https://globaltradehelpdesk.org/ar/resources/search-hs-code?code=02074500,[]
92094,2025-06-08T18:26:55.494201+00:00,"غير مقطعة لاجزاء , طازجة او مبردة",2075100.0,2,75.0,25.0,100.0,وزن,0,2075100,"غير مقطعة لاجزاء , طازجة او مبردة",https://www.bing.com/images/search?q=%D8%BA%D9%8A%D8%B1%20%D9%85%D9%82%D8%B7%D8%B9%D8%A9%20%D9%84%D8%A7%D8%AC%D8%B2%D8%A7%D8%A1%20%D8%B7%D8%A7%D8%B2%D8%AC%D8%A9%20%D8%A7%D9%88%20%D9%85%D8%A8%D8%B1%D8%AF%D8%A9,https://globaltradehelpdesk.org/ar/resources/search-hs-code?code=02075100,[]
92095,2025-06-08T18:26:55.494201+00:00,"غير مقطعة لاجزاء , مجمدة",2075200.0,2,75.0,25.0,100.0,وزن,0,2075200,"غير مقطعة لاجزاء , مجمدة",https://www.bing.com/images/search?q=%D8%BA%D9%8A%D8%B1%20%D9%85%D9%82%D8%B7%D8%B9%D8%A9%20%D9%84%D8%A7%D8%AC%D8%B2%D8%A7%D8%A1%20%D9%85%D8%AC%D9%85%D8%AF%D8%A9,https://globaltradehelpdesk.org/ar/resources/search-hs-code?code=02075200,[]
92096,2025-06-08T18:26:55.494201+00:00,من اكباد دسمة طازجة او مبردة,2075300.0,2,75.0,25.0,100.0,وزن,0,2075300,من اكباد دسمة طازجة او مبردة,https://www.bing.com/images/search?q=%D9%85%D9%86%20%D8%A7%D9%83%D8%A8%D8%A7%D8%AF%20%D8%AF%D8%B3%D9%85%D8%A9%20%D8%B7%D8%A7%D8%B2%D8%AC%D8%A9%20%D8%A7%D9%88%20%D9%85%D8%A8%D8%B1%D8%AF%D8%A9,https://globaltradehelpdesk.org/ar/resources/search-hs-code?code=02075300,[]
92097,2025-06-08T18:26:55.494201+00:00,غيرها .طازجة او مبردة,2075400.0,2,75.0,25.0,100.0,وزن,0,2075400,غيرها .طازجة او مبردة,https://www.bing.com/images/search?q=%D8%BA%D9%8A%D8%B1%D9%87%D8%A7%20.%D8%B7%D8%A7%D8%B2%D8%AC%D8%A9%20%D8%A7%D9%88%20%D9%85%D8%A8%D8%B1%D8%AF%D8%A9,https://globaltradehelpdesk.org/ar/resources/search-hs-code?code=02075400,[]
92098,2025-06-08T18:26:55.494201+00:00,"غيرها , مجمدة",2075500.0,2,75.0,25.0,100.0,وزن,0,2075500,"غيرها , مجمدة",https://www.bing.com/images/search?q=%D8%BA%D9%8A%D8%B1%D9%87%D8%A7%20%D9%85%D8%AC%D9%85%D8%AF%D8%A9,https://globaltradehelpdesk.org/ar/resources/search-hs-code?code=02075500,[]
92099,2025-06-08T18:26:55.494201+00:00,من دجاج غينيا (غرغر):,2076000.0,2,75.0,25.0,100.0,وزن,0,2076000,من دجاج غينيا (غرغر):,https://www.bing.com/images/search?q=%D9%85%D9%86%20%D8%AF%D8%AC%D8%A7%D8%AC%20%D8%BA%D9%8A%D9%86%D9%8A%D8%A7,https://globaltradehelpdesk.org/ar/resources/search-hs-code?code=02076000,[]
92100,2025-06-08T18:26:55.494201+00:00,"لحوم وأحشاءوأطراف,صالحةللأكل,من أرانب أليفة أو برية,طازجة أو مبردة أو مجمدة",2081000.0,2,75.0,25.0,100.0,وزن,0,2081000,"لحوم وأحشاءوأطراف,صالحةللأكل,من أرانب أليفة أو برية,طازجة أو مبردة أو مجمدة",https://www.bing.com/images/search?q=%D9%84%D8%AD%D9%88%D9%85%20%D9%88%D8%A3%D8%AD%D8%B4%D8%A7%D8%A1%D9%88%D8%A3%D8%B7%D8%B1%D8%A7%D9%81%2C%D8%B5%D8%A7%D9%84%D8%AD%D8%A9%D9%84%D9%84%D8%A3%D9%83%D9%84%2C%D9%85%D9%86%20%D8%A3%D8%B1%D8%A7%D9%86%D8%A8%20%D8%A3%D9%84%D9%8A%D9%81%D8%A9%20%D8%A3%D9%88%20%D8%A8%D8%B1%D9%8A%D8%A9%2C%D8%B7%D8%A7%D8%B2%D8%AC%D8%A9%20%D8%A3%D9%88%20%D9%85%D8%A8%D8%B1%D8%AF%D8%A9%20%D8%A3%D9%88%20%D9%85%D8%AC%D9%85%D8%AF%D8%A9,https://globaltradehelpdesk.org/ar/resources/search-hs-code?code=02081000,[]
92101,2025-06-08T18:26:55.494201+00:00,لحوم واحشاء واطراف اخر صالحة للاكل طازجة او  مبردة او مجمدةمن حيوانات رئيسة,2083000.0,2,75.0,25.0,100.0,وزن,0,2083000,لحوم واحشاء واطراف اخر صالحة للاكل طازجة او  مبردة او مجمدةمن حيوانات رئيسة,https://www.bing.com/images/search?q=%D9%84%D8%AD%D9%88%D9%85%20%D9%88%D8%A7%D8%AD%D8%B4%D8%A7%D8%A1%20%D9%88%D8%A7%D8%B7%D8%B1%D8%A7%D9%81%20%D8%A7%D8%AE%D8%B1%20%D8%B5%D8%A7%D9%84%D8%AD%D8%A9%20%D9%84%D9%84%D8%A7%D9%83%D9%84%20%D8%B7%D8%A7%D8%B2%D8%AC%D8%A9%20%D8%A7%D9%88%20%D9%85%D8%A8%D8%B1%D8%AF%D8%A9%20%D8%A7%D9%88%20%D9%85%D8%AC%D9%85%D8%AF%D8%A9%D9%85%D9%86%20%D8%AD%D9%8A%D9%88%D8%A7%D9%86%D8%A7%D8%AA%20%D8%B1%D8%A6%D9%8A%D8%B3%D8%A9,https://globaltradehelpdesk.org/ar/resources/search-hs-code?code=02083000,[]
92102,2025-06-08T18:26:55.494201+00:00,"من حيتان ودلافين ودلافين صغيرة (خنازير البحر) (ثدييّات من فصيلة الحيتان)?خرفان البحر والآطم(ثديات من فصيلة الخيلانيات أو آبقار البحر""Sirenia"") ، فقمات وأسود البحر وفظ(مورس)(ثديات من الفصيلة الفرعية ل)",2084000.0,2,75.0,25.0,100.0,وزن,0,2084000,"من حيتان ودلافين ودلافين صغيرة (خنازير البحر) (ثدييّات من فصيلة الحيتان)?خرفان البحر والآطم(ثديات من فصيلة الخيلانيات أو آبقار البحر""Sirenia"") ، فقمات وأسود البحر وفظ(مورس)(ثديات من الفصيلة الفرعية ل)",https://www.bing.com/images/search?q=%D9%85%D9%86%20%D8%AD%D9%8A%D8%AA%D8%A7%D9%86%20%D9%88%D8%AF%D9%84%D8%A7%D9%81%D9%8A%D9%86%20%D9%88%D8%AF%D9%84%D8%A7%D9%81%D9%8A%D9%86%20%D8%B5%D8%BA%D9%8A%D8%B1%D8%A9%20%3F%D8%AE%D8%B1%D9%81%D8%A7%D9%86%20%D8%A7%D9%84%D8%A8%D8%AD%D8%B1%20%D9%88%D8%A7%D9%84%D8%A2%D8%B7%D9%85%20%D9%81%D9%82%D9%85%D8%A7%D8%AA%20%D9%88%D8%A3%D8%B3%D9%88%D8%AF%20%D8%A7%D9%84%D8%A8%D8%AD%D8%B1%20%D9%88%D9%81%D8%B8,https://globaltradehelpdesk.org/ar/resources/search-hs-code?code=02084000,[]
92103,2025-06-08T18:26:55.494201+00:00,لحوم واحشاء واطراف اخر صالحة للاكل طازجة او  مبردة او مجمدةمن زواحف,2085000.0,2,75.0,25.0,100.0,وزن,0,2085000,لحوم واحشاء واطراف اخر صالحة للاكل طازجة او  مبردة او مجمدةمن زواحف,https://www.bing.com/images/search?q=%D9%84%D8%AD%D9%88%D9%85%20%D9%88%D8%A7%D8%AD%D8%B4%D8%A7%D8%A1%20%D9%88%D8%A7%D8%B7%D8%B1%D8%A7%D9%81%20%D8%A7%D8%AE%D8%B1%20%D8%B5%D8%A7%D9%84%D8%AD%D8%A9%20%D9%84%D9%84%D8%A7%D9%83%D9%84%20%D8%B7%D8%A7%D8%B2%D8%AC%D8%A9%20%D8%A7%D9%88%20%D9%85%D8%A8%D8%B1%D8%AF%D8%A9%20%D8%A7%D9%88%20%D9%85%D8%AC%D9%85%D8%AF%D8%A9%D9%85%D9%86%20%D8%B2%D9%88%D8%A7%D8%AD%D9%81,https://globaltradehelpdesk.org/ar/resources/search-hs-code?code=02085000,[]
92104,2025-06-08T18:26:55.494201+00:00,من جمال وغيرها من فصيلة الإبل (camelidae),2086000.0,2,75.0,25.0,100.0,وزن,0,2086000,من جمال وغيرها من فصيلة الإبل (camelidae),https://www.bing.com/images/search?q=%D9%85%D9%86%20%D8%AC%D9%85%D8%A7%D9%84%20%D9%88%D8%BA%D9%8A%D8%B1%D9%87%D8%A7%20%D9%85%D9%86%20%D9%81%D8%B5%D9%8A%D9%84%D8%A9%20%D8%A7%D9%84%D8%A5%D8%A8%D9%84,https://globaltradehelpdesk.org/ar/resources/search-hs-code?code=02086000,[]
92105,2025-06-08T18:26:55.494201+00:00,لحوم واحشاء واطراف اخر صالحة للاكل طازجة او  مبردة او مجمدة (غ م س),2089000.0,2,75.0,25.0,100.0,وزن,0,2089000,لحوم واحشاء واطراف اخر صالحة للاكل طازجة او  مبردة او مجمدة (غ م س),https://www.bing.com/images/search?q=%D9%84%D8%AD%D9%88%D9%85%20%D9%88%D8%A7%D8%AD%D8%B4%D8%A7%D8%A1%20%D9%88%D8%A7%D8%B7%D8%B1%D8%A7%D9%81%20%D8%A7%D8%AE%D8%B1%20%D8%B5%D8%A7%D9%84%D8%AD%D8%A9%20%D9%84%D9%84%D8%A7%D9%83%D9%84%20%D8%B7%D8%A7%D8%B2%D8%AC%D8%A9%20%D8%A7%D9%88%20%D9%85%D8%A8%D8%B1%D8%AF%D8%A9%20%D8%A7%D9%88%20%D9%85%D8%AC%D9%85%D8%AF%D8%A9,https://globaltradehelpdesk.org/ar/resources/search-hs-code?code=02089000,[]
92106,2025-06-08T18:26:55.494201+00:00,دهن طيور دواجن غير مستخلص بالاذابة او بطرق الاستخلاص الاخر طازجا مبردا مجمدا مملحا,2099000.0,2,75.0,25.0,100.0,وزن,0,2099000,دهن طيور دواجن غير مستخلص بالاذابة او بطرق الاستخلاص الاخر طازجا مبردا مجمدا مملحا,https://www.bing.com/images/search?q=%D8%AF%D9%87%D9%86%20%D8%B7%D9%8A%D9%88%D8%B1%20%D8%AF%D9%88%D8%A7%D8%AC%D9%86%20%D8%BA%D9%8A%D8%B1%20%D9%85%D8%B3%D8%AA%D8%AE%D9%84%D8%B5%20%D8%A8%D8%A7%D9%84%D8%A7%D8%B0%D8%A7%D8%A8%D8%A9%20%D8%A7%D9%88%20%D8%A8%D8%B7%D8%B1%D9%82%20%D8%A7%D9%84%D8%A7%D8%B3%D8%AA%D8%AE%D9%84%D8%A7%D8%B5%20%D8%A7%D9%84%D8%A7%D8%AE%D8%B1%20%D8%B7%D8%A7%D8%B2%D8%AC%D8%A7%20%D9%85%D8%A8%D8%B1%D8%AF%D8%A7%20%D9%85%D8%AC%D9%85%D8%AF%D8%A7%20%D9%85%D9%85%D9%84%D8%AD%D8%A7,https://globaltradehelpdesk.org/ar/resources/search-hs-code?code=02099000,[]
92107,2025-06-08T18:26:55.494201+00:00,لحوم فصيلة الأبقار مملحة أو في ماء مملح? مجففة أو مدخنة صالحة للأكل (غ م س).,2102000.0,2,375.0,125.0,500.0,وزن,0,2102000,لحوم فصيلة الأبقار مملحة أو في ماء مملح? مجففة أو مدخنة صالحة للأكل (غ م س).,https://www.bing.com/images/search?q=%D9%84%D8%AD%D9%88%D9%85%20%D9%81%D8%B5%D9%8A%D9%84%D8%A9%20%D8%A7%D9%84%D8%A3%D8%A8%D9%82%D8%A7%D8%B1%20%D9%85%D9%85%D9%84%D8%AD%D8%A9%20%D8%A3%D9%88%20%D9%81%D9%8A%20%D9%85%D8%A7%D8%A1%20%D9%85%D9%85%D9%84%D8%AD%3F%20%D9%85%D8%AC%D9%81%D9%81%D8%A9%20%D8%A3%D9%88%20%D9%85%D8%AF%D8%AE%D9%86%D8%A9%20%D8%B5%D8%A7%D9%84%D8%AD%D8%A9%20%D9%84%D9%84%D8%A3%D9%83%D9%84,https://globaltradehelpdesk.org/ar/resources/search-hs-code?code=02102000,[]
92108,2025-06-08T18:26:55.494201+00:00,لحوم وأحشاء وأطراف? مملحة مجففة? أو مدخنة? دقيق ومساحيق?  صالحة للأكل من الرئيسات,2109100.0,2,375.0,125.0,500.0,وزن,0,2109100,لحوم وأحشاء وأطراف? مملحة مجففة? أو مدخنة? دقيق ومساحيق?  صالحة للأكل من الرئيسات,https://www.bing.com/images/search?q=%D9%84%D8%AD%D9%88%D9%85%20%D9%88%D8%A3%D8%AD%D8%B4%D8%A7%D8%A1%20%D9%88%D8%A3%D8%B7%D8%B1%D8%A7%D9%81%3F%20%D9%85%D9%85%D9%84%D8%AD%D8%A9%20%D9%85%D8%AC%D9%81%D9%81%D8%A9%3F%20%D8%A3%D9%88%20%D9%85%D8%AF%D8%AE%D9%86%D8%A9%3F%20%D8%AF%D9%82%D9%8A%D9%82%20%D9%88%D9%85%D8%B3%D8%A7%D8%AD%D9%8A%D9%82%3F%20%D8%B5%D8%A7%D9%84%D8%AD%D8%A9%20%D9%84%D9%84%D8%A3%D9%83%D9%84%20%D9%85%D9%86%20%D8%A7%D9%84%D8%B1%D8%A6%D9%8A%D8%B3%D8%A7%D8%AA,https://globaltradehelpdesk.org/ar/resources/search-hs-code?code=02109100,[]
92109,2025-06-08T18:26:55.494201+00:00,"من حيتان ودلافين ودلافين صغيرة (خنازير البحر) (ثدييّات من فصيلة الحيتان)?خرفان البحر والأظم (ثديات من فصيلة الخيلانيات أو أبقار البحر""Sirenia"") ، فقمات ، أسود البحر وفظ(مورس)(ثدييات من الفصيلة الفرعي)",2109200.0,2,375.0,125.0,500.0,وزن,0,2109200,"من حيتان ودلافين ودلافين صغيرة (خنازير البحر) (ثدييّات من فصيلة الحيتان)?خرفان البحر والأظم (ثديات من فصيلة الخيلانيات أو أبقار البحر""Sirenia"") ، فقمات ، أسود البحر وفظ(مورس)(ثدييات من الفصيلة الفرعي)",https://www.bing.com/images/search?q=%D9%85%D9%86%20%D8%AD%D9%8A%D8%AA%D8%A7%D9%86%20%D9%88%D8%AF%D9%84%D8%A7%D9%81%D9%8A%D9%86%20%D9%88%D8%AF%D9%84%D8%A7%D9%81%D9%8A%D9%86%20%D8%B5%D8%BA%D9%8A%D8%B1%D8%A9%20%3F%D8%AE%D8%B1%D9%81%D8%A7%D9%86%20%D8%A7%D9%84%D8%A8%D8%AD%D8%B1%20%D9%88%D8%A7%D9%84%D8%A3%D8%B8%D9%85%20%D9%81%D9%82%D9%85%D8%A7%D8%AA%20%D8%A3%D8%B3%D9%88%D8%AF%20%D8%A7%D9%84%D8%A8%D8%AD%D8%B1%20%D9%88%D9%81%D8%B8,https://globaltradehelpdesk.org/ar/resources/search-hs-code?code=02109200,[]
92110,2025-06-08T18:26:55.494201+00:00,لحوم وأحشاء وأطراف? مملحة مجففة? أو مدخنة? دقيق ومساحيق?  صالحة للأكل من الزواحف,2109300.0,2,375.0,125.0,500.0,وزن,0,2109300,لحوم وأحشاء وأطراف? مملحة مجففة? أو مدخنة? دقيق ومساحيق?  صالحة للأكل من الزواحف,https://www.bing.com/images/search?q=%D9%84%D8%AD%D9%88%D9%85%20%D9%88%D8%A3%D8%AD%D8%B4%D8%A7%D8%A1%20%D9%88%D8%A3%D8%B7%D8%B1%D8%A7%D9%81%3F%20%D9%85%D9%85%D9%84%D8%AD%D8%A9%20%D9%85%D8%AC%D9%81%D9%81%D8%A9%3F%20%D8%A3%D9%88%20%D9%85%D8%AF%D8%AE%D9%86%D8%A9%3F%20%D8%AF%D9%82%D9%8A%D9%82%20%D9%88%D9%85%D8%B3%D8%A7%D8%AD%D9%8A%D9%82%3F%20%D8%B5%D8%A7%D9%84%D8%AD%D8%A9%20%D9%84%D9%84%D8%A3%D9%83%D9%84%20%D9%85%D9%86%20%D8%A7%D9%84%D8%B2%D9%88%D8%A7%D8%AD%D9%81,https://globaltradehelpdesk.org/ar/resources/search-hs-code?code=02109300,[]
92111,2025-06-08T18:26:55.494201+00:00,غيرها:,2109900.0,2,375.0,125.0,500.0,وزن,0,2109900,غيرها:,https://www.bing.com/images/search?q=%D8%BA%D9%8A%D8%B1%D9%87%D8%A7%3A,https://globaltradehelpdesk.org/ar/resources/search-hs-code?code=02109900,[]
92112,2025-06-08T18:26:55.494201+00:00,في مياه عذبة:,3011100.0,2,150.0,50.0,200.0,وزن,0,3011100,في مياه عذبة:,https://www.bing.com/images/search?q=%D9%81%D9%8A%20%D9%85%D9%8A%D8%A7%D9%87%20%D8%B9%D8%B0%D8%A8%D8%A9%3A,https://globaltradehelpdesk.org/ar/resources/search-hs-code?code=03011100,[]
92113,2025-06-08T18:26:55.494201+00:00,غيرها:,3011900.0,2,150.0,50.0,200.0,وزن,0,3011900,غيرها:,https://www.bing.com/images/search?q=%D8%BA%D9%8A%D8%B1%D9%87%D8%A7%3A,https://globaltradehelpdesk.org/ar/resources/search-hs-code?code=03011900,[]
92114,2025-06-08T18:26:55.494201+00:00,"سمك الترويت (Salmo trutta ,Oncorhynchus mykiss , Oncorhynchus clarki ,Oncorhynchus aguabonita, Oncorhynchus gilae , Oncorhynchus apache , Oncorhynchus  chrysogaster).",3019100.0,2,150.0,50.0,200.0,وزن,0,3019100,"سمك الترويت (Salmo trutta ,Oncorhynchus mykiss , Oncorhynchus clarki ,Oncorhynchus aguabonita, Oncorhynchus gilae , Oncorhynchus apache , Oncorhynchus  chrysogaster).",https://www.bing.com/images/search?q=%D8%B3%D9%85%D9%83%20%D8%A7%D9%84%D8%AA%D8%B1%D9%88%D9%8A%D8%AA,https://globaltradehelpdesk.org/ar/resources/search-hs-code?code=03019100,[]
92115,2025-06-08T18:26:55.494201+00:00,.(Anguilla spp.) سمك الأنقلیس,3019200.0,2,150.0,50.0,200.0,وزن,0,3019200,.(Anguilla spp.) سمك الأنقلیس,https://www.bing.com/images/search?q=%D8%B3%D9%85%D9%83%20%D8%A7%D9%84%D8%A3%D9%86%D9%82%D9%84%DB%8C%D8%B3,https://globaltradehelpdesk.org/ar/resources/search-hs-code?code=03019200,[]
92116,2025-06-08T18:26:55.494201+00:00,"سمك الشبوط(Cyprinus spp ,Carassius spp , Hypophthalmichthys spp , Ctenopharyngodon idellus ,Mylopharyngodon piceus, Cirrhinus spp ,Osteochilus hasselti , Labeo spp ,Catla catla , Megalobrama spp , Leptobarbus hoeveni)
",3019300.0,2,150.0,50.0,200.0,وزن,0,3019300,"سمك الشبوط(Cyprinus spp ,Carassius spp , Hypophthalmichthys spp , Ctenopharyngodon idellus ,Mylopharyngodon piceus, Cirrhinus spp ,Osteochilus hasselti , Labeo spp ,Catla catla , Megalobrama spp , Leptobarbus hoeveni)",https://www.bing.com/images/search?q=%D8%B3%D9%85%D9%83%20%D8%A7%D9%84%D8%B4%D8%A8%D9%88%D8%B7,https://globaltradehelpdesk.org/ar/resources/search-hs-code?code=03019300,[]
92117,2025-06-08T18:26:55.494201+00:00,"سمك التونة  الاطلنطي والهادي  ذات الزعنفة الزرقاء "" Bluefin ""( ""Thunnus, Thynnus, Thunnus orintalis"" )",3019400.0,2,150.0,50.0,200.0,وزن,0,3019400,"سمك التونة  الاطلنطي والهادي  ذات الزعنفة الزرقاء "" Bluefin ""( ""Thunnus, Thynnus, Thunnus orintalis"" )",https://www.bing.com/images/search?q=%D8%B3%D9%85%D9%83%20%D8%A7%D9%84%D8%AA%D9%88%D9%86%D8%A9%20%D8%A7%D9%84%D8%A7%D8%B7%D9%84%D9%86%D8%B7%D9%8A%20%D9%88%D8%A7%D9%84%D9%87%D8%A7%D8%AF%D9%8A%20%D8%B0%D8%A7%D8%AA%20%D8%A7%D9%84%D8%B2%D8%B9%D9%86%D9%81%D8%A9%20%D8%A7%D9%84%D8%B2%D8%B1%D9%82%D8%A7%D8%A1%20Bluefin,https://globaltradehelpdesk.org/ar/resources/search-hs-code?code=03019400,[]
92118,2025-06-08T18:26:55.494201+00:00,"سمك تونة الجنوب ذات الزعنفة الزرقاء (""Thunnus maccoyii"").",3019500.0,2,150.0,50.0,200.0,وزن,0,3019500,"سمك تونة الجنوب ذات الزعنفة الزرقاء (""Thunnus maccoyii"").",https://www.bing.com/images/search?q=%D8%B3%D9%85%D9%83%20%D8%AA%D9%88%D9%86%D8%A9%20%D8%A7%D9%84%D8%AC%D9%86%D9%88%D8%A8%20%D8%B0%D8%A7%D8%AA%20%D8%A7%D9%84%D8%B2%D8%B9%D9%86%D9%81%D8%A9%20%D8%A7%D9%84%D8%B2%D8%B1%D9%82%D8%A7%D8%A1,https://globaltradehelpdesk.org/ar/resources/search-hs-code?code=03019500,[]
92119,2025-06-08T18:26:55.494201+00:00,"أسماك حية ,عدا أسماك ( الزينة , الترويت, الأنقليس  والشبوط والتونة)",3019900.0,2,150.0,50.0,200.0,وزن,0,3019900,"أسماك حية ,عدا أسماك ( الزينة , الترويت, الأنقليس  والشبوط والتونة)",https://www.bing.com/images/search?q=%D8%A3%D8%B3%D9%85%D8%A7%D9%83%20%D8%AD%D9%8A%D8%A9%20%2C%D8%B9%D8%AF%D8%A7%20%D8%A3%D8%B3%D9%85%D8%A7%D9%83,https://globaltradehelpdesk.org/ar/resources/search-hs-code?code=03019900,[]
92120,2025-06-08T18:26:55.494201+00:00,"سمك الترويت (Salmo trutta, Oncorhynchus mykiss, Oncorhynchus clarki, Oncorhynchus aguabonita, Oncorhynchus gilae, Oncorhynchus apache, Oncorhynchus chrysogaster)",3021100.0,2,150.0,50.0,200.0,وزن,0,3021100,"سمك الترويت (Salmo trutta, Oncorhynchus mykiss, Oncorhynchus clarki, Oncorhynchus aguabonita, Oncorhynchus gilae, Oncorhynchus apache, Oncorhynchus chrysogaster)",https://www.bing.com/images/search?q=%D8%B3%D9%85%D9%83%20%D8%A7%D9%84%D8%AA%D8%B1%D9%88%D9%8A%D8%AA,https://globaltradehelpdesk.org/ar/resources/search-hs-code?code=03021100,[]
92121,2025-06-08T18:26:55.494201+00:00,"سلمون المحيط الهادي(Oncorhynchus nerka ,Oncorhynchus gorbucsha ,Oncorhynchus keta ,Oncorhynchus tschawytsha,Oncorhynchus kisutch ,Oncorhynchus masou  , Oncorhynchus Rhodurus)",3021300.0,2,150.0,50.0,200.0,وزن,0,3021300,"سلمون المحيط الهادي(Oncorhynchus nerka ,Oncorhynchus gorbucsha ,Oncorhynchus keta ,Oncorhynchus tschawytsha,Oncorhynchus kisutch ,Oncorhynchus masou  , Oncorhynchus Rhodurus)",https://www.bing.com/images/search?q=%D8%B3%D9%84%D9%85%D9%88%D9%86%20%D8%A7%D9%84%D9%85%D8%AD%D9%8A%D8%B7%20%D8%A7%D9%84%D9%87%D8%A7%D8%AF%D9%8A,https://globaltradehelpdesk.org/ar/resources/search-hs-code?code=03021300,[]
92122,2025-06-08T18:26:55.494201+00:00,سلمون الأطلنطي(Salmo salar) وسلمون الدانوب(Hucho hucho),3021400.0,2,150.0,50.0,200.0,وزن,0,3021400,سلمون الأطلنطي(Salmo salar) وسلمون الدانوب(Hucho hucho),https://www.bing.com/images/search?q=%D8%B3%D9%84%D9%85%D9%88%D9%86%20%D8%A7%D9%84%D8%A3%D8%B7%D9%84%D9%86%D8%B7%D9%8A%20%D9%88%D8%B3%D9%84%D9%85%D9%88%D9%86%20%D8%A7%D9%84%D8%AF%D8%A7%D9%86%D9%88%D8%A8,https://globaltradehelpdesk.org/ar/resources/search-hs-code?code=03021400,[]
92123,2025-06-08T18:26:55.494201+00:00,سمك السلمون طازج أو مبرد عدا(الترويت وسالمون المحيط الهادي) باستثناء احشاء السمك الصالحة للاكل,3021900.0,2,150.0,50.0,200.0,وزن,0,3021900,سمك السلمون طازج أو مبرد عدا(الترويت وسالمون المحيط الهادي) باستثناء احشاء السمك الصالحة للاكل,https://www.bing.com/images/search?q=%D8%B3%D9%85%D9%83%20%D8%A7%D9%84%D8%B3%D9%84%D9%85%D9%88%D9%86%20%D8%B7%D8%A7%D8%B2%D8%AC%20%D8%A3%D9%88%20%D9%85%D8%A8%D8%B1%D8%AF%20%D8%B9%D8%AF%D8%A7%20%D8%A8%D8%A7%D8%B3%D8%AA%D8%AB%D9%86%D8%A7%D8%A1%20%D8%A7%D8%AD%D8%B4%D8%A7%D8%A1%20%D8%A7%D9%84%D8%B3%D9%85%D9%83%20%D8%A7%D9%84%D8%B5%D8%A7%D9%84%D8%AD%D8%A9%20%D9%84%D9%84%D8%A7%D9%83%D9%84,https://globaltradehelpdesk.org/ar/resources/search-hs-code?code=03021900,[]
92124,2025-06-08T18:26:55.494201+00:00,"أسماك القفندر (Reinhardtius hippoglossoides, Hippoglossus stenolepis, Hippoglossus Hippoglossus).",3022100.0,2,150.0,50.0,200.0,وزن,0,3022100,"أسماك القفندر (Reinhardtius hippoglossoides, Hippoglossus stenolepis, Hippoglossus Hippoglossus).",https://www.bing.com/images/search?q=%D8%A3%D8%B3%D9%85%D8%A7%D9%83%20%D8%A7%D9%84%D9%82%D9%81%D9%86%D8%AF%D8%B1,https://globaltradehelpdesk.org/ar/resources/search-hs-code?code=03022100,[]
92125,2025-06-08T18:26:55.494201+00:00,سمك هوشع (Pleuronectes platessa).,3022200.0,2,150.0,50.0,200.0,وزن,0,3022200,سمك هوشع (Pleuronectes platessa).,https://www.bing.com/images/search?q=%D8%B3%D9%85%D9%83%20%D9%87%D9%88%D8%B4%D8%B9,https://globaltradehelpdesk.org/ar/resources/search-hs-code?code=03022200,[]
92126,2025-06-08T18:26:55.494201+00:00,سمك موسى (Solea).,3022300.0,2,150.0,50.0,200.0,وزن,0,3022300,سمك موسى (Solea).,https://www.bing.com/images/search?q=%D8%B3%D9%85%D9%83%20%D9%85%D9%88%D8%B3%D9%89,https://globaltradehelpdesk.org/ar/resources/search-hs-code?code=03022300,[]
92127,2025-06-08T18:26:55.494201+00:00,"سمك الترس (تربوت ""turbots"") (Psetta maxima).",3022400.0,2,150.0,50.0,200.0,وزن,0,3022400,"سمك الترس (تربوت ""turbots"") (Psetta maxima).",https://www.bing.com/images/search?q=%D8%B3%D9%85%D9%83%20%D8%A7%D9%84%D8%AA%D8%B1%D8%B3,https://globaltradehelpdesk.org/ar/resources/search-hs-code?code=03022400,[]
92128,2025-06-08T18:26:55.494201+00:00,"أسماك مفلطحة أخر,طازجة أو مبردة,(عدا سمـــك القفندر وسمك هوشع وسمك موسى) عدا الشرائح و..",3022900.0,2,150.0,50.0,200.0,وزن,0,3022900,"أسماك مفلطحة أخر,طازجة أو مبردة,(عدا سمـــك القفندر وسمك هوشع وسمك موسى) عدا الشرائح و..",https://www.bing.com/images/search?q=%D8%A3%D8%B3%D9%85%D8%A7%D9%83%20%D9%85%D9%81%D9%84%D8%B7%D8%AD%D8%A9%20%D8%A3%D8%AE%D8%B1%2C%D8%B7%D8%A7%D8%B2%D8%AC%D8%A9%20%D8%A3%D9%88%20%D9%85%D8%A8%D8%B1%D8%AF%D8%A9%2C%20%D8%B9%D8%AF%D8%A7%20%D8%A7%D9%84%D8%B4%D8%B1%D8%A7%D8%A6%D8%AD%20%D9%88..,https://globaltradehelpdesk.org/ar/resources/search-hs-code?code=03022900,[]
92129,2025-06-08T18:26:55.494201+00:00,سمك تونة بيضاء (Thunnus alalunga).,3023100.0,2,150.0,50.0,200.0,وزن,0,3023100,سمك تونة بيضاء (Thunnus alalunga).,https://www.bing.com/images/search?q=%D8%B3%D9%85%D9%83%20%D8%AA%D9%88%D9%86%D8%A9%20%D8%A8%D9%8A%D8%B6%D8%A7%D8%A1,https://globaltradehelpdesk.org/ar/resources/search-hs-code?code=03023100,[]
92130,2025-06-08T18:26:55.494201+00:00,سمك تونة ذات زعانف صفراء ( Thunnus albacares).,3023200.0,2,150.0,50.0,200.0,وزن,0,3023200,سمك تونة ذات زعانف صفراء ( Thunnus albacares).,https://www.bing.com/images/search?q=%D8%B3%D9%85%D9%83%20%D8%AA%D9%88%D9%86%D8%A9%20%D8%B0%D8%A7%D8%AA%20%D8%B2%D8%B9%D8%A7%D9%86%D9%81%20%D8%B5%D9%81%D8%B1%D8%A7%D8%A1,https://globaltradehelpdesk.org/ar/resources/search-hs-code?code=03023200,[]
92131,2025-06-08T18:26:55.494201+00:00,سمك ليستاوس (بونيت مخطط البطن ) (Katsuwonus Pelamis),3023300.0,2,150.0,50.0,200.0,وزن,0,3023300,سمك ليستاوس (بونيت مخطط البطن ) (Katsuwonus Pelamis),https://www.bing.com/images/search?q=%D8%B3%D9%85%D9%83%20%D9%84%D9%8A%D8%B3%D8%AA%D8%A7%D9%88%D8%B3,https://globaltradehelpdesk.org/ar/resources/search-hs-code?code=03023300,[]
92132,2025-06-08T18:26:55.494201+00:00,"سمك التونة ذات العينين الكبيرتين ""Bigeye"" (""Thunnus obesus"")",3023400.0,2,150.0,50.0,200.0,وزن,0,3023400,"سمك التونة ذات العينين الكبيرتين ""Bigeye"" (""Thunnus obesus"")",https://www.bing.com/images/search?q=%D8%B3%D9%85%D9%83%20%D8%A7%D9%84%D8%AA%D9%88%D9%86%D8%A9%20%D8%B0%D8%A7%D8%AA%20%D8%A7%D9%84%D8%B9%D9%8A%D9%86%D9%8A%D9%86%20%D8%A7%D9%84%D9%83%D8%A8%D9%8A%D8%B1%D8%AA%D9%8A%D9%86%20%22Bigeye%22,https://globaltradehelpdesk.org/ar/resources/search-hs-code?code=03023400,[]
92133,2025-06-08T18:26:55.494201+00:00,"سمك تونة الأطلنطي والهادي ذات الزعنفة الزرقاء ""Bluefin"" (""Thunnus, Thynnus, Thunnus orintalis "").",3023500.0,2,150.0,50.0,200.0,وزن,0,3023500,"سمك تونة الأطلنطي والهادي ذات الزعنفة الزرقاء ""Bluefin"" (""Thunnus, Thynnus, Thunnus orintalis "").",https://www.bing.com/images/search?q=%D8%B3%D9%85%D9%83%20%D8%AA%D9%88%D9%86%D8%A9%20%D8%A7%D9%84%D8%A3%D8%B7%D9%84%D9%86%D8%B7%D9%8A%20%D9%88%D8%A7%D9%84%D9%87%D8%A7%D8%AF%D9%8A%20%D8%B0%D8%A7%D8%AA%20%D8%A7%D9%84%D8%B2%D8%B9%D9%86%D9%81%D8%A9%20%D8%A7%D9%84%D8%B2%D8%B1%D9%82%D8%A7%D8%A1%20%22Bluefin%22,https://globaltradehelpdesk.org/ar/resources/search-hs-code?code=03023500,[]
92134,2025-06-08T18:26:55.494201+00:00,"سمك تونة الجنوب ذات الزعنفة الزرقاء ( "" Thunnus maccoyii "")",3023600.0,2,150.0,50.0,200.0,وزن,0,3023600,"سمك تونة الجنوب ذات الزعنفة الزرقاء ( "" Thunnus maccoyii "")",https://www.bing.com/images/search?q=%D8%B3%D9%85%D9%83%20%D8%AA%D9%88%D9%86%D8%A9%20%D8%A7%D9%84%D8%AC%D9%86%D9%88%D8%A8%20%D8%B0%D8%A7%D8%AA%20%D8%A7%D9%84%D8%B2%D8%B9%D9%86%D9%81%D8%A9%20%D8%A7%D9%84%D8%B2%D8%B1%D9%82%D8%A7%D8%A1,https://globaltradehelpdesk.org/ar/resources/search-hs-code?code=03023600,[]
92135,2025-06-08T18:26:55.494201+00:00,أسماك تونه أخر (غ م س) طازجة أو مبردة عدا أحشاء السمك الصالحة للأكل.,3023900.0,2,150.0,50.0,200.0,وزن,0,3023900,أسماك تونه أخر (غ م س) طازجة أو مبردة عدا أحشاء السمك الصالحة للأكل.,https://www.bing.com/images/search?q=%D8%A3%D8%B3%D9%85%D8%A7%D9%83%20%D8%AA%D9%88%D9%86%D9%87%20%D8%A3%D8%AE%D8%B1%20%D8%B7%D8%A7%D8%B2%D8%AC%D8%A9%20%D8%A3%D9%88%20%D9%85%D8%A8%D8%B1%D8%AF%D8%A9%20%D8%B9%D8%AF%D8%A7%20%D8%A3%D8%AD%D8%B4%D8%A7%D8%A1%20%D8%A7%D9%84%D8%B3%D9%85%D9%83%20%D8%A7%D9%84%D8%B5%D8%A7%D9%84%D8%AD%D8%A9%20%D9%84%D9%84%D8%A3%D9%83%D9%84.,https://globaltradehelpdesk.org/ar/resources/search-hs-code?code=03023900,[]
92136,2025-06-08T18:26:55.494201+00:00,"سمك الرنجة (Clupea pallasii, Clupea harengus).",3024100.0,2,150.0,50.0,200.0,وزن,0,3024100,"سمك الرنجة (Clupea pallasii, Clupea harengus).",https://www.bing.com/images/search?q=%D8%B3%D9%85%D9%83%20%D8%A7%D9%84%D8%B1%D9%86%D8%AC%D8%A9,https://globaltradehelpdesk.org/ar/resources/search-hs-code?code=03024100,[]
92137,2025-06-08T18:26:55.494201+00:00,"سمك الأنشوا (""Engraulis spp"")",3024200.0,2,150.0,50.0,200.0,وزن,0,3024200,"سمك الأنشوا (""Engraulis spp"")",https://www.bing.com/images/search?q=%D8%B3%D9%85%D9%83%20%D8%A7%D9%84%D8%A3%D9%86%D8%B4%D9%88%D8%A7,https://globaltradehelpdesk.org/ar/resources/search-hs-code?code=03024200,[]
92138,2025-06-08T18:26:55.494201+00:00,"سمك السردين (Sardina pilchardus Sardinops spp.,) وساردينيلا (spp. Sardinella)  و رنجة صغيرة  أو  اسبرط (  Sprattus sprattus).",3024300.0,2,150.0,50.0,200.0,وزن,0,3024300,"سمك السردين (Sardina pilchardus Sardinops spp.,) وساردينيلا (spp. Sardinella)  و رنجة صغيرة  أو  اسبرط (  Sprattus sprattus).",https://www.bing.com/images/search?q=%D8%B3%D9%85%D9%83%20%D8%A7%D9%84%D8%B3%D8%B1%D8%AF%D9%8A%D9%86%20%D9%88%D8%B3%D8%A7%D8%B1%D8%AF%D9%8A%D9%86%D9%8A%D9%84%D8%A7%20%D8%B1%D9%86%D8%AC%D8%A9%20%D8%B5%D8%BA%D9%8A%D8%B1%D8%A9%20%D8%A3%D9%88%20%D8%A7%D8%B3%D8%A8%D8%B1%D8%B7,https://globaltradehelpdesk.org/ar/resources/search-hs-code?code=03024300,[]
92139,2025-06-08T18:26:55.494201+00:00,"سمك الأسقمري ""ماكاريل""(  Scomber scombrus  ,Scomber australascius, Scomber japonicus).",3024400.0,2,150.0,50.0,200.0,وزن,0,3024400,"سمك الأسقمري ""ماكاريل""(  Scomber scombrus  ,Scomber australascius, Scomber japonicus).",https://www.bing.com/images/search?q=%D8%B3%D9%85%D9%83%20%D8%A7%D9%84%D8%A3%D8%B3%D9%82%D9%85%D8%B1%D9%8A%20%22%D9%85%D8%A7%D9%83%D8%A7%D8%B1%D9%8A%D9%84%22.,https://globaltradehelpdesk.org/ar/resources/search-hs-code?code=03024400,[]
92140,2025-06-08T18:26:55.494201+00:00,"الشينشار ""chinchards"" (سمك سليمان)(من نوع تراكوروس trachurus spp)",3024500.0,2,150.0,50.0,200.0,وزن,0,3024500,"الشينشار ""chinchards"" (سمك سليمان)(من نوع تراكوروس trachurus spp)",https://www.bing.com/images/search?q=%D8%A7%D9%84%D8%B4%D9%8A%D9%86%D8%B4%D8%A7%D8%B1%20%22chinchards%22,https://globaltradehelpdesk.org/ar/resources/search-hs-code?code=03024500,[]
92141,2025-06-08T18:26:55.494201+00:00,سمك كوبيا (Rachycentron canadum),3024600.0,2,150.0,50.0,200.0,وزن,0,3024600,سمك كوبيا (Rachycentron canadum),https://www.bing.com/images/search?q=%D8%B3%D9%85%D9%83%20%D9%83%D9%88%D8%A8%D9%8A%D8%A7,https://globaltradehelpdesk.org/ar/resources/search-hs-code?code=03024600,[]
92142,2025-06-08T18:26:55.494201+00:00,سمك أبو سيف أو سياف البحر (Xiphias gladius),3024700.0,2,150.0,50.0,200.0,وزن,0,3024700,سمك أبو سيف أو سياف البحر (Xiphias gladius),https://www.bing.com/images/search?q=%D8%B3%D9%85%D9%83%20%D8%A3%D8%A8%D9%88%20%D8%B3%D9%8A%D9%81%20%D8%A3%D9%88%20%D8%B3%D9%8A%D8%A7%D9%81%20%D8%A7%D9%84%D8%A8%D8%AD%D8%B1,https://globaltradehelpdesk.org/ar/resources/search-hs-code?code=03024700,[]
92143,2025-06-08T18:26:55.494201+00:00,غيرها,3024900.0,2,150.0,50.0,200.0,وزن,0,3024900,غيرها,https://www.bing.com/images/search?q=%D8%BA%D9%8A%D8%B1%D9%87%D8%A7,https://globaltradehelpdesk.org/ar/resources/search-hs-code?code=03024900,[]
92144,2025-06-08T18:26:55.494201+00:00,"سمك القد (Gadus macrocephalus, Gadus ogac, Gadus morhua).",3025100.0,2,150.0,50.0,200.0,وزن,0,3025100,"سمك القد (Gadus macrocephalus, Gadus ogac, Gadus morhua).",https://www.bing.com/images/search?q=%D8%B3%D9%85%D9%83%20%D8%A7%D9%84%D9%82%D8%AF,https://globaltradehelpdesk.org/ar/resources/search-hs-code?code=03025100,[]
92145,2025-06-08T18:26:55.494201+00:00,سمك الحدوق (Melanogrammus aeglefinus).,3025200.0,2,150.0,50.0,200.0,وزن,0,3025200,سمك الحدوق (Melanogrammus aeglefinus).,https://www.bing.com/images/search?q=%D8%B3%D9%85%D9%83%20%D8%A7%D9%84%D8%AD%D8%AF%D9%88%D9%82,https://globaltradehelpdesk.org/ar/resources/search-hs-code?code=03025200,[]
92146,2025-06-08T18:26:55.494201+00:00,سمك أسود (Pollachius virens).,3025300.0,2,150.0,50.0,200.0,وزن,0,3025300,سمك أسود (Pollachius virens).,https://www.bing.com/images/search?q=%D8%B3%D9%85%D9%83%20%D8%A3%D8%B3%D9%88%D8%AF,https://globaltradehelpdesk.org/ar/resources/search-hs-code?code=03025300,[]
92147,2025-06-08T18:26:55.494201+00:00,"سمك النازلي (Merluccius spp, Urophycis spp.)",3025400.0,2,150.0,50.0,200.0,وزن,0,3025400,"سمك النازلي (Merluccius spp, Urophycis spp.)",https://www.bing.com/images/search?q=%D8%B3%D9%85%D9%83%20%D8%A7%D9%84%D9%86%D8%A7%D8%B2%D9%84%D9%8A,https://globaltradehelpdesk.org/ar/resources/search-hs-code?code=03025400,[]
92148,2025-06-08T18:26:55.494201+00:00,سمك بولاك ألاسكا (Theragra chalcogramma),3025500.0,2,150.0,50.0,200.0,وزن,0,3025500,سمك بولاك ألاسكا (Theragra chalcogramma),https://www.bing.com/images/search?q=%D8%B3%D9%85%D9%83%20%D8%A8%D9%88%D9%84%D8%A7%D9%83%20%D8%A3%D9%84%D8%A7%D8%B3%D9%83%D8%A7,https://globaltradehelpdesk.org/ar/resources/search-hs-code?code=03025500,[]
92149,2025-06-08T18:26:55.494201+00:00,"سمك ميرلان أزرق (Micromesistius australis, Micromesistius poutassou).",3025600.0,2,150.0,50.0,200.0,وزن,0,3025600,"سمك ميرلان أزرق (Micromesistius australis, Micromesistius poutassou).",https://www.bing.com/images/search?q=%D8%B3%D9%85%D9%83%20%D9%85%D9%8A%D8%B1%D9%84%D8%A7%D9%86%20%D8%A3%D8%B2%D8%B1%D9%82,https://globaltradehelpdesk.org/ar/resources/search-hs-code?code=03025600,[]
92150,2025-06-08T18:26:55.494201+00:00,غيرها,3025900.0,2,150.0,50.0,200.0,وزن,0,3025900,غيرها,https://www.bing.com/images/search?q=%D8%BA%D9%8A%D8%B1%D9%87%D8%A7,https://globaltradehelpdesk.org/ar/resources/search-hs-code?code=03025900,[]
92151,2025-06-08T18:26:55.494201+00:00,"سمك البلطي (""Oreochromis spp."").",3027100.0,2,150.0,50.0,200.0,وزن,0,3027100,"سمك البلطي (""Oreochromis spp."").",https://www.bing.com/images/search?q=%D8%B3%D9%85%D9%83%20%D8%A7%D9%84%D8%A8%D9%84%D8%B7%D9%8A,https://globaltradehelpdesk.org/ar/resources/search-hs-code?code=03027100,[]
92152,2025-06-08T18:26:55.494201+00:00,"السيللوريات (Pangasius spp.  Silurus spp., Clarias spp.,  , Ictalurus spp.).",3027200.0,2,150.0,50.0,200.0,وزن,0,3027200,"السيللوريات (Pangasius spp.  Silurus spp., Clarias spp.,  , Ictalurus spp.).",https://www.bing.com/images/search?q=%D8%A7%D9%84%D8%B3%D9%8A%D9%84%D9%84%D9%88%D8%B1%D9%8A%D8%A7%D8%AA,https://globaltradehelpdesk.org/ar/resources/search-hs-code?code=03027200,[]
92153,2025-06-08T18:26:55.494201+00:00,"سمك الشبوط (Cyprinus  spp.   Carassius spp., ,Ctenopharyngodon idellus, Hypophthalmichthys spp. Cirrhinus spp., Mylopharyngodon piceus, ,Labeo spp., Catla Catla   Leptobarbus hoeveni, Osteochilus hasselti.,  Megalobrama spp.,).",3027300.0,2,150.0,50.0,200.0,وزن,0,3027300,"سمك الشبوط (Cyprinus  spp.   Carassius spp., ,Ctenopharyngodon idellus, Hypophthalmichthys spp. Cirrhinus spp., Mylopharyngodon piceus, ,Labeo spp., Catla Catla   Leptobarbus hoeveni, Osteochilus hasselti.,  Megalobrama spp.,).",https://www.bing.com/images/search?q=%D8%B3%D9%85%D9%83%20%D8%A7%D9%84%D8%B4%D8%A8%D9%88%D8%B7,https://globaltradehelpdesk.org/ar/resources/search-hs-code?code=03027300,[]
92154,2025-06-08T18:26:55.494201+00:00,سمك الأنقليس (Anguilla spp.),3027400.0,2,150.0,50.0,200.0,وزن,0,3027400,سمك الأنقليس (Anguilla spp.),https://www.bing.com/images/search?q=%D8%B3%D9%85%D9%83%20%D8%A7%D9%84%D8%A3%D9%86%D9%82%D9%84%D9%8A%D8%B3,https://globaltradehelpdesk.org/ar/resources/search-hs-code?code=03027400,[]
92155,2025-06-08T18:26:55.494201+00:00,غيرها,3027900.0,2,150.0,50.0,200.0,وزن,0,3027900,غيرها,https://www.bing.com/images/search?q=%D8%BA%D9%8A%D8%B1%D9%87%D8%A7,https://globaltradehelpdesk.org/ar/resources/search-hs-code?code=03027900,[]
92156,2025-06-08T18:26:55.494201+00:00,"كلاب البحر ""Dogfish"" وغيرها من سمك قرش",3028100.0,2,150.0,50.0,200.0,وزن,0,3028100,"كلاب البحر ""Dogfish"" وغيرها من سمك قرش",https://www.bing.com/images/search?q=%D9%83%D9%84%D8%A7%D8%A8%20%D8%A7%D9%84%D8%A8%D8%AD%D8%B1%20%22Dogfish%22%20%D9%88%D8%BA%D9%8A%D8%B1%D9%87%D8%A7%20%D9%85%D9%86%20%D8%B3%D9%85%D9%83%20%D9%82%D8%B1%D8%B4,https://globaltradehelpdesk.org/ar/resources/search-hs-code?code=03028100,[]
92157,2025-06-08T18:26:55.494201+00:00,سمك الشفنين البحري وسمك مفلطح طويل الذيل (راجيداي) Rajidae,3028200.0,2,150.0,50.0,200.0,وزن,0,3028200,سمك الشفنين البحري وسمك مفلطح طويل الذيل (راجيداي) Rajidae,https://www.bing.com/images/search?q=%D8%B3%D9%85%D9%83%20%D8%A7%D9%84%D8%B4%D9%81%D9%86%D9%8A%D9%86%20%D8%A7%D9%84%D8%A8%D8%AD%D8%B1%D9%8A%20%D9%88%D8%B3%D9%85%D9%83%20%D9%85%D9%81%D9%84%D8%B7%D8%AD%20%D8%B7%D9%88%D9%8A%D9%84%20%D8%A7%D9%84%D8%B0%D9%8A%D9%84%20Rajidae,https://globaltradehelpdesk.org/ar/resources/search-hs-code?code=03028200,[]
92158,2025-06-08T18:26:55.494201+00:00,سمك أبو سن (Dissostichus),3028300.0,2,150.0,50.0,200.0,وزن,0,3028300,سمك أبو سن (Dissostichus),https://www.bing.com/images/search?q=%D8%B3%D9%85%D9%83%20%D8%A3%D8%A8%D9%88%20%D8%B3%D9%86,https://globaltradehelpdesk.org/ar/resources/search-hs-code?code=03028300,[]
92159,2025-06-08T18:26:55.494201+00:00,"سمك القاروس (bars) (ذئب البحر ""loups"") (Dicentrarchus).",3028400.0,2,150.0,50.0,200.0,وزن,0,3028400,"سمك القاروس (bars) (ذئب البحر ""loups"") (Dicentrarchus).",https://www.bing.com/images/search?q=%D8%B3%D9%85%D9%83%20%D8%A7%D9%84%D9%82%D8%A7%D8%B1%D9%88%D8%B3,https://globaltradehelpdesk.org/ar/resources/search-hs-code?code=03028400,[]
92160,2025-06-08T18:26:55.494201+00:00,سمك الأطلسي والمتوسط (بما فيها الفريدى والجربيدي) (Sparidae),3028500.0,2,150.0,50.0,200.0,وزن,0,3028500,سمك الأطلسي والمتوسط (بما فيها الفريدى والجربيدي) (Sparidae),https://www.bing.com/images/search?q=%D8%B3%D9%85%D9%83%20%D8%A7%D9%84%D8%A3%D8%B7%D9%84%D8%B3%D9%8A%20%D9%88%D8%A7%D9%84%D9%85%D8%AA%D9%88%D8%B3%D8%B7,https://globaltradehelpdesk.org/ar/resources/search-hs-code?code=03028500,[]
92161,2025-06-08T18:26:55.494201+00:00,غيرها,3028900.0,2,150.0,50.0,200.0,وزن,0,3028900,غيرها,https://www.bing.com/images/search?q=%D8%BA%D9%8A%D8%B1%D9%87%D8%A7,https://globaltradehelpdesk.org/ar/resources/search-hs-code?code=03028900,[]
92162,2025-06-08T18:26:55.494201+00:00,أكباد وبيض وغدد تذكير,3029000.0,2,150.0,50.0,200.0,وزن,0,3029000,أكباد وبيض وغدد تذكير,https://www.bing.com/images/search?q=%D8%A3%D9%83%D8%A8%D8%A7%D8%AF%20%D9%88%D8%A8%D9%8A%D8%B6%20%D9%88%D8%BA%D8%AF%D8%AF%20%D8%AA%D8%B0%D9%83%D9%8A%D8%B1,https://globaltradehelpdesk.org/ar/resources/search-hs-code?code=03029000,[]
92163,2025-06-08T18:26:55.494201+00:00,أكباد وبيض وغدد تذكير (بطارخ),3029100.0,2,150.0,50.0,200.0,وزن,0,3029100,أكباد وبيض وغدد تذكير (بطارخ),https://www.bing.com/images/search?q=%D8%A3%D9%83%D8%A8%D8%A7%D8%AF%20%D9%88%D8%A8%D9%8A%D8%B6%20%D9%88%D8%BA%D8%AF%D8%AF%20%D8%AA%D8%B0%D9%83%D9%8A%D8%B1,https://globaltradehelpdesk.org/ar/resources/search-hs-code?code=03029100,[]
92164,2025-06-08T18:26:55.494201+00:00,زعانف سمك القرش,3029200.0,2,150.0,50.0,200.0,وزن,0,3029200,زعانف سمك القرش,https://www.bing.com/images/search?q=%D8%B2%D8%B9%D8%A7%D9%86%D9%81%20%D8%B3%D9%85%D9%83%20%D8%A7%D9%84%D9%82%D8%B1%D8%B4,https://globaltradehelpdesk.org/ar/resources/search-hs-code?code=03029200,[]
92165,2025-06-08T18:26:55.494201+00:00,غيرها,3029900.0,2,150.0,50.0,200.0,وزن,0,3029900,غيرها,https://www.bing.com/images/search?q=%D8%BA%D9%8A%D8%B1%D9%87%D8%A7,https://globaltradehelpdesk.org/ar/resources/search-hs-code?code=03029900,[]
92166,2025-06-08T18:26:55.494201+00:00,"سلمون سوك آي""sockeye""(سالمون أحمر) (Oncorhynchus nerka)",3031100.0,2,150.0,50.0,200.0,وزن,0,3031100,"سلمون سوك آي""sockeye""(سالمون أحمر) (Oncorhynchus nerka)",https://www.bing.com/images/search?q=%D8%B3%D9%84%D9%85%D9%88%D9%86%20%D8%B3%D9%88%D9%83%20%D8%A2%D9%8A%22sockeye%22,https://globaltradehelpdesk.org/ar/resources/search-hs-code?code=03031100,[]
92167,2025-06-08T18:26:55.494201+00:00,"سمك سلمون أخر من المحيط الهادي ("" Oncorhynchus nerka""  ,"" Onchorynchus Gorbuscha"", "" Onchorynchus keta"", ""Onchorynchus Tschawytscha"" ,  ""Onchorynchus kisutch "" , ""Onchorynchus Masou"" ,  ""Onchorynchus Rhodurus "".",3031200.0,2,150.0,50.0,200.0,وزن,0,3031200,"سمك سلمون أخر من المحيط الهادي ("" Oncorhynchus nerka""  ,"" Onchorynchus Gorbuscha"", "" Onchorynchus keta"", ""Onchorynchus Tschawytscha"" ,  ""Onchorynchus kisutch "" , ""Onchorynchus Masou"" ,  ""Onchorynchus Rhodurus "".",https://www.bing.com/images/search?q=%D8%B3%D9%85%D9%83%20%D8%B3%D9%84%D9%85%D9%88%D9%86%20%D8%A3%D8%AE%D8%B1%20%D9%85%D9%86%20%D8%A7%D9%84%D9%85%D8%AD%D9%8A%D8%B7%20%D8%A7%D9%84%D9%87%D8%A7%D8%AF%D9%8A%20%28%22%20Oncorhynchus%20nerka%22%20%2C%22%20Onchorynchus%20Gorbuscha%22%2C%20Onchorynchus%20keta%22%2C%20%22Onchorynchus%20Tschawytscha%22%20%22Onchorynchus%20kisutch%20%22Onchorynchus%20Masou%22%20%22Onchorynchus%20Rhodurus%20%22.,https://globaltradehelpdesk.org/ar/resources/search-hs-code?code=03031200,[]
92168,2025-06-08T18:26:55.494201+00:00,سلمون الأطلنطي ( Salmo salar) وسالمون الدانوب (Hucho hucho).,3031300.0,2,150.0,50.0,200.0,وزن,0,3031300,سلمون الأطلنطي ( Salmo salar) وسالمون الدانوب (Hucho hucho).,https://www.bing.com/images/search?q=%D8%B3%D9%84%D9%85%D9%88%D9%86%20%D8%A7%D9%84%D8%A3%D8%B7%D9%84%D9%86%D8%B7%D9%8A%20%D9%88%D8%B3%D8%A7%D9%84%D9%85%D9%88%D9%86%20%D8%A7%D9%84%D8%AF%D8%A7%D9%86%D9%88%D8%A8,https://globaltradehelpdesk.org/ar/resources/search-hs-code?code=03031300,[]
92169,2025-06-08T18:26:55.494201+00:00,"سمك الترويت (Salmo trutta ,Oncorhynchus mykiss  ,Oncorhynchus clarki ,Oncorhynchus aguabonita, Oncorhynchus gilae , Oncorhynchus apache , Oncorhynchus  chrysogaster).",3031400.0,2,150.0,50.0,200.0,وزن,0,3031400,"سمك الترويت (Salmo trutta ,Oncorhynchus mykiss  ,Oncorhynchus clarki ,Oncorhynchus aguabonita, Oncorhynchus gilae , Oncorhynchus apache , Oncorhynchus  chrysogaster).",https://www.bing.com/images/search?q=%D8%B3%D9%85%D9%83%20%D8%A7%D9%84%D8%AA%D8%B1%D9%88%D9%8A%D8%AA,https://globaltradehelpdesk.org/ar/resources/search-hs-code?code=03031400,[]
92170,2025-06-08T18:26:55.494201+00:00,غيرها,3031900.0,2,150.0,50.0,200.0,وزن,0,3031900,غيرها,https://www.bing.com/images/search?q=%D8%BA%D9%8A%D8%B1%D9%87%D8%A7,https://globaltradehelpdesk.org/ar/resources/search-hs-code?code=03031900,[]
92171,2025-06-08T18:26:55.494201+00:00,"سمك بلطي (نوع أوريوكروميس ""Oreochromis"")",3032300.0,2,150.0,50.0,200.0,وزن,0,3032300,"سمك بلطي (نوع أوريوكروميس ""Oreochromis"")",https://www.bing.com/images/search?q=%D8%B3%D9%85%D9%83%20%D8%A8%D9%84%D8%B7%D9%8A,https://globaltradehelpdesk.org/ar/resources/search-hs-code?code=03032300,[]
92172,2025-06-08T18:26:55.494201+00:00,"السيللوريات  (Pangasius spp. Silurus spp., Clarias spp., , Ictalurus spp.).",3032400.0,2,150.0,50.0,200.0,وزن,0,3032400,"السيللوريات  (Pangasius spp. Silurus spp., Clarias spp., , Ictalurus spp.).",https://www.bing.com/images/search?q=%D8%A7%D9%84%D8%B3%D9%8A%D9%84%D9%84%D9%88%D8%B1%D9%8A%D8%A7%D8%AA,https://globaltradehelpdesk.org/ar/resources/search-hs-code?code=03032400,[]
92173,2025-06-08T18:26:55.494201+00:00,"سمك الشبوط (Cyprinus  spp.   Carassius spp., Ctenopharyngodon idellus, Hypophthalmichthys spp., Cirrhinus spp., Mylopharyngodon piceus, Catla catla, Labeo spp.   Leptobarbus hoeveni, Osteochilus hasselti,  Megalobrama spp.,).",3032500.0,2,150.0,50.0,200.0,وزن,0,3032500,"سمك الشبوط (Cyprinus  spp.   Carassius spp., Ctenopharyngodon idellus, Hypophthalmichthys spp., Cirrhinus spp., Mylopharyngodon piceus, Catla catla, Labeo spp.   Leptobarbus hoeveni, Osteochilus hasselti,  Megalobrama spp.,).",https://www.bing.com/images/search?q=%D8%B3%D9%85%D9%83%20%D8%A7%D9%84%D8%B4%D8%A8%D9%88%D8%B7,https://globaltradehelpdesk.org/ar/resources/search-hs-code?code=03032500,[]
92174,2025-06-08T18:26:55.494201+00:00,سمك الإنقليس (Anguilla spp.).,3032600.0,2,150.0,50.0,200.0,وزن,0,3032600,سمك الإنقليس (Anguilla spp.).,https://www.bing.com/images/search?q=%D8%B3%D9%85%D9%83%20%D8%A7%D9%84%D8%A5%D9%86%D9%82%D9%84%D9%8A%D8%B3,https://globaltradehelpdesk.org/ar/resources/search-hs-code?code=03032600,[]
92175,2025-06-08T18:26:55.494201+00:00,"أسماك سلمون أخر, عدا أسماك (سلمون الهادي والأطلنطي والدانوب والترويت)، مجمدة.",3032900.0,2,150.0,50.0,200.0,وزن,0,3032900,"أسماك سلمون أخر, عدا أسماك (سلمون الهادي والأطلنطي والدانوب والترويت)، مجمدة.",https://www.bing.com/images/search?q=%D8%A3%D8%B3%D9%85%D8%A7%D9%83%20%D8%B3%D9%84%D9%85%D9%88%D9%86%20%D8%A3%D8%AE%D8%B1%2C%20%D8%B9%D8%AF%D8%A7%20%D8%A3%D8%B3%D9%85%D8%A7%D9%83%20%D9%85%D8%AC%D9%85%D8%AF%D8%A9.,https://globaltradehelpdesk.org/ar/resources/search-hs-code?code=03032900,[]
92211,2025-06-08T18:26:55.494201+00:00,"السيللوريات  (Pangasius spp. Silurus spp., Clarias spp., , Ictalurus spp.).",3043200.0,2,150.0,50.0,200.0,وزن,0,3043200,"السيللوريات  (Pangasius spp. Silurus spp., Clarias spp., , Ictalurus spp.).",https://www.bing.com/images/search?q=%D8%A7%D9%84%D8%B3%D9%8A%D9%84%D9%84%D9%88%D8%B1%D9%8A%D8%A7%D8%AA,https://globaltradehelpdesk.org/ar/resources/search-hs-code?code=03043200,[]
92176,2025-06-08T18:26:55.494201+00:00,"سمك القفندر (Reinhardtius hippoglossoides, Hippoglossus stenolepis, Hippoglossus Hippoglossus).",3033100.0,2,150.0,50.0,200.0,وزن,0,3033100,"سمك القفندر (Reinhardtius hippoglossoides, Hippoglossus stenolepis, Hippoglossus Hippoglossus).",https://www.bing.com/images/search?q=%D8%B3%D9%85%D9%83%20%D8%A7%D9%84%D9%82%D9%81%D9%86%D8%AF%D8%B1,https://globaltradehelpdesk.org/ar/resources/search-hs-code?code=03033100,[]
92177,2025-06-08T18:26:55.494201+00:00,سمك هوشع (Pleuronectes platessa).,3033200.0,2,150.0,50.0,200.0,وزن,0,3033200,سمك هوشع (Pleuronectes platessa).,https://www.bing.com/images/search?q=%D8%B3%D9%85%D9%83%20%D9%87%D9%88%D8%B4%D8%B9,https://globaltradehelpdesk.org/ar/resources/search-hs-code?code=03033200,[]
92178,2025-06-08T18:26:55.494201+00:00,سمك موسى (Solea spp.).,3033300.0,2,150.0,50.0,200.0,وزن,0,3033300,سمك موسى (Solea spp.).,https://www.bing.com/images/search?q=%D8%B3%D9%85%D9%83%20%D9%85%D9%88%D8%B3%D9%89,https://globaltradehelpdesk.org/ar/resources/search-hs-code?code=03033300,[]
92179,2025-06-08T18:26:55.494201+00:00,سمك الترس (تربوت)(Psetta maxima).,3033400.0,2,150.0,50.0,200.0,وزن,0,3033400,سمك الترس (تربوت)(Psetta maxima).,https://www.bing.com/images/search?q=%D8%B3%D9%85%D9%83%20%D8%A7%D9%84%D8%AA%D8%B1%D8%B3,https://globaltradehelpdesk.org/ar/resources/search-hs-code?code=03033400,[]
92180,2025-06-08T18:26:55.494201+00:00,"أسماك مفلطحةأخر,مجمدة,(عدا سمك القفندر وسمك هوشع وسمك موسى)",3033900.0,2,150.0,50.0,200.0,وزن,0,3033900,"أسماك مفلطحةأخر,مجمدة,(عدا سمك القفندر وسمك هوشع وسمك موسى)",https://www.bing.com/images/search?q=%D8%A3%D8%B3%D9%85%D8%A7%D9%83%20%D9%85%D9%81%D9%84%D8%B7%D8%AD%D8%A9%D8%A3%D8%AE%D8%B1%2C%D9%85%D8%AC%D9%85%D8%AF%D8%A9%2C,https://globaltradehelpdesk.org/ar/resources/search-hs-code?code=03033900,[]
92181,2025-06-08T18:26:55.494201+00:00,سمك تونة بيضاء  (Thunnus alalunga).,3034100.0,2,150.0,50.0,200.0,وزن,0,3034100,سمك تونة بيضاء  (Thunnus alalunga).,https://www.bing.com/images/search?q=%D8%B3%D9%85%D9%83%20%D8%AA%D9%88%D9%86%D8%A9%20%D8%A8%D9%8A%D8%B6%D8%A7%D8%A1,https://globaltradehelpdesk.org/ar/resources/search-hs-code?code=03034100,[]
92182,2025-06-08T18:26:55.494201+00:00,تونة ذات زعانف  صفراء ( Thunnus albacares).,3034200.0,2,150.0,50.0,200.0,وزن,0,3034200,تونة ذات زعانف  صفراء ( Thunnus albacares).,https://www.bing.com/images/search?q=%D8%AA%D9%88%D9%86%D8%A9%20%D8%B0%D8%A7%D8%AA%20%D8%B2%D8%B9%D8%A7%D9%86%D9%81%20%D8%B5%D9%81%D8%B1%D8%A7%D8%A1,https://globaltradehelpdesk.org/ar/resources/search-hs-code?code=03034200,[]
92183,2025-06-08T18:26:55.494201+00:00,سمك ليستاوس (Listaos) (بونيت مخطط البطن) (Katsuwonus Pelamis),3034300.0,2,150.0,50.0,200.0,وزن,0,3034300,سمك ليستاوس (Listaos) (بونيت مخطط البطن) (Katsuwonus Pelamis),https://www.bing.com/images/search?q=%D8%B3%D9%85%D9%83%20%D9%84%D9%8A%D8%B3%D8%AA%D8%A7%D9%88%D8%B3,https://globaltradehelpdesk.org/ar/resources/search-hs-code?code=03034300,[]
92184,2025-06-08T18:26:55.494201+00:00,"أسماك التونة ذات العينين الكبيرتين ""Bigeye"" (نوع ثونوس أوبيسوس ""Thunnus obesus"")",3034400.0,2,150.0,50.0,200.0,وزن,0,3034400,"أسماك التونة ذات العينين الكبيرتين ""Bigeye"" (نوع ثونوس أوبيسوس ""Thunnus obesus"")",https://www.bing.com/images/search?q=%D8%A3%D8%B3%D9%85%D8%A7%D9%83%20%D8%A7%D9%84%D8%AA%D9%88%D9%86%D8%A9%20%D8%B0%D8%A7%D8%AA%20%D8%A7%D9%84%D8%B9%D9%8A%D9%86%D9%8A%D9%86%20%D8%A7%D9%84%D9%83%D8%A8%D9%8A%D8%B1%D8%AA%D9%8A%D9%86%20%22Bigeye%22,https://globaltradehelpdesk.org/ar/resources/search-hs-code?code=03034400,[]
92185,2025-06-08T18:26:55.494201+00:00,"أسماك التونة ذات الزعنفة الزرقاء ""Blufin"" الأطلنطي الهندي (نوع ثونوس ثينوس ""Thunnus thynnus"")",3034500.0,2,150.0,50.0,200.0,وزن,0,3034500,"أسماك التونة ذات الزعنفة الزرقاء ""Blufin"" الأطلنطي الهندي (نوع ثونوس ثينوس ""Thunnus thynnus"")",https://www.bing.com/images/search?q=%D8%A3%D8%B3%D9%85%D8%A7%D9%83%20%D8%A7%D9%84%D8%AA%D9%88%D9%86%D8%A9%20%D8%B0%D8%A7%D8%AA%20%D8%A7%D9%84%D8%B2%D8%B9%D9%86%D9%81%D8%A9%20%D8%A7%D9%84%D8%B2%D8%B1%D9%82%D8%A7%D8%A1%20%22Blufin%22%20%D8%A7%D9%84%D8%A3%D8%B7%D9%84%D9%86%D8%B7%D9%8A%20%D8%A7%D9%84%D9%87%D9%86%D8%AF%D9%8A,https://globaltradehelpdesk.org/ar/resources/search-hs-code?code=03034500,[]
92186,2025-06-08T18:26:55.494201+00:00,"أسماك تونة الجنوب ذات الزعنفة الزرقاء,مجمد",3034600.0,2,150.0,50.0,200.0,وزن,0,3034600,"أسماك تونة الجنوب ذات الزعنفة الزرقاء,مجمد",https://www.bing.com/images/search?q=%D8%A3%D8%B3%D9%85%D8%A7%D9%83%20%D8%AA%D9%88%D9%86%D8%A9%20%D8%A7%D9%84%D8%AC%D9%86%D9%88%D8%A8%20%D8%B0%D8%A7%D8%AA%20%D8%A7%D9%84%D8%B2%D8%B9%D9%86%D9%81%D8%A9%20%D8%A7%D9%84%D8%B2%D8%B1%D9%82%D8%A7%D8%A1%2C%D9%85%D8%AC%D9%85%D8%AF,https://globaltradehelpdesk.org/ar/resources/search-hs-code?code=03034600,[]
92187,2025-06-08T18:26:55.494201+00:00,أسماك تونه أخر (غ م س) مجمدة.,3034900.0,2,150.0,50.0,200.0,وزن,0,3034900,أسماك تونه أخر (غ م س) مجمدة.,https://www.bing.com/images/search?q=%D8%A3%D8%B3%D9%85%D8%A7%D9%83%20%D8%AA%D9%88%D9%86%D9%87%20%D8%A3%D8%AE%D8%B1%20%D9%85%D8%AC%D9%85%D8%AF%D8%A9.,https://globaltradehelpdesk.org/ar/resources/search-hs-code?code=03034900,[]
92188,2025-06-08T18:26:55.494201+00:00,"سمك الرنجة ( Clupea harengus Clupea pallasii, ).",3035100.0,2,150.0,50.0,200.0,وزن,0,3035100,"سمك الرنجة ( Clupea harengus Clupea pallasii, ).",https://www.bing.com/images/search?q=%D8%B3%D9%85%D9%83%20%D8%A7%D9%84%D8%B1%D9%86%D8%AC%D8%A9,https://globaltradehelpdesk.org/ar/resources/search-hs-code?code=03035100,[]
92189,2025-06-08T18:26:55.494201+00:00,"سردين من نوع (Sardina  pilchardus, Sardinops spp.)،    ساردينللا  (Sardinella spp.)، رنجة صغيرة أو أسبرط (  Sprattus Sprattus).",3035300.0,2,150.0,50.0,200.0,وزن,0,3035300,"سردين من نوع (Sardina  pilchardus, Sardinops spp.)،    ساردينللا  (Sardinella spp.)، رنجة صغيرة أو أسبرط (  Sprattus Sprattus).",https://www.bing.com/images/search?q=%D8%B3%D8%B1%D8%AF%D9%8A%D9%86%20%D9%85%D9%86%20%D8%B3%D8%A7%D8%B1%D8%AF%D9%8A%D9%86%D9%84%D9%84%D8%A7%20%D8%B1%D9%86%D8%AC%D8%A9%20%D8%B5%D8%BA%D9%8A%D8%B1%D8%A9%20%D8%A3%D9%88%20%D8%A3%D8%B3%D8%A8%D8%B1%D8%B7,https://globaltradehelpdesk.org/ar/resources/search-hs-code?code=03035300,[]
92190,2025-06-08T18:26:55.494201+00:00,"سمك الإسقمري ""ماكريل""(Scomber  scombrus ,Scomber australascius  ,Scomber japonicus).",3035400.0,2,150.0,50.0,200.0,وزن,0,3035400,"سمك الإسقمري ""ماكريل""(Scomber  scombrus ,Scomber australascius  ,Scomber japonicus).",https://www.bing.com/images/search?q=%D8%B3%D9%85%D9%83%20%D8%A7%D9%84%D8%A5%D8%B3%D9%82%D9%85%D8%B1%D9%8A%20%22%D9%85%D8%A7%D9%83%D8%B1%D9%8A%D9%84%22.,https://globaltradehelpdesk.org/ar/resources/search-hs-code?code=03035400,[]
92191,2025-06-08T18:26:55.494201+00:00,"سمك شينشار ""chinchards"" (سمك سليمان) (  Trachurus spp.).",3035500.0,2,150.0,50.0,200.0,وزن,0,3035500,"سمك شينشار ""chinchards"" (سمك سليمان) (  Trachurus spp.).",https://www.bing.com/images/search?q=%D8%B3%D9%85%D9%83%20%D8%B4%D9%8A%D9%86%D8%B4%D8%A7%D8%B1%20%22chinchards%22,https://globaltradehelpdesk.org/ar/resources/search-hs-code?code=03035500,[]
92192,2025-06-08T18:26:55.494201+00:00,سمك كوبيا ( Rachycentron canadum).,3035600.0,2,150.0,50.0,200.0,وزن,0,3035600,سمك كوبيا ( Rachycentron canadum).,https://www.bing.com/images/search?q=%D8%B3%D9%85%D9%83%20%D9%83%D9%88%D8%A8%D9%8A%D8%A7,https://globaltradehelpdesk.org/ar/resources/search-hs-code?code=03035600,[]
92193,2025-06-08T18:26:55.494201+00:00,"سمك أبو يوسف أو سياف البحر من فصيلة زيفياس غلاديوس(""xiphias gladius sword fish"")",3035700.0,2,150.0,50.0,200.0,وزن,0,3035700,"سمك أبو يوسف أو سياف البحر من فصيلة زيفياس غلاديوس(""xiphias gladius sword fish"")",https://www.bing.com/images/search?q=%D8%B3%D9%85%D9%83%20%D8%A3%D8%A8%D9%88%20%D9%8A%D9%88%D8%B3%D9%81%20%D8%A3%D9%88%20%D8%B3%D9%8A%D8%A7%D9%81%20%D8%A7%D9%84%D8%A8%D8%AD%D8%B1%20%D9%85%D9%86%20%D9%81%D8%B5%D9%8A%D9%84%D8%A9%20%D8%B2%D9%8A%D9%81%D9%8A%D8%A7%D8%B3%20%D8%BA%D9%84%D8%A7%D8%AF%D9%8A%D9%88%D8%B3,https://globaltradehelpdesk.org/ar/resources/search-hs-code?code=03035700,[]
92194,2025-06-08T18:26:55.494201+00:00,"سمك القد (Gadus macrocephalus, Gadus ogac, Gadus morhua).",3036300.0,2,150.0,50.0,200.0,وزن,0,3036300,"سمك القد (Gadus macrocephalus, Gadus ogac, Gadus morhua).",https://www.bing.com/images/search?q=%D8%B3%D9%85%D9%83%20%D8%A7%D9%84%D9%82%D8%AF,https://globaltradehelpdesk.org/ar/resources/search-hs-code?code=03036300,[]
92195,2025-06-08T18:26:55.494201+00:00,"سمك الحدوق ""Haddock"" (Merlanogrammus aeglefinus).",3036400.0,2,150.0,50.0,200.0,وزن,0,3036400,"سمك الحدوق ""Haddock"" (Merlanogrammus aeglefinus).",https://www.bing.com/images/search?q=%D8%B3%D9%85%D9%83%20%D8%A7%D9%84%D8%AD%D8%AF%D9%88%D9%82%20%22Haddock%22,https://globaltradehelpdesk.org/ar/resources/search-hs-code?code=03036400,[]
92196,2025-06-08T18:26:55.494201+00:00,"سمك أسود ( "" Virens Pollachius "").",3036500.0,2,150.0,50.0,200.0,وزن,0,3036500,"سمك أسود ( "" Virens Pollachius "").",https://www.bing.com/images/search?q=%D8%B3%D9%85%D9%83%20%D8%A3%D8%B3%D9%88%D8%AF,https://globaltradehelpdesk.org/ar/resources/search-hs-code?code=03036500,[]
92197,2025-06-08T18:26:55.494201+00:00,"سمك نازلي (Urophycis spp., Merluccius sp).",3036600.0,2,150.0,50.0,200.0,وزن,0,3036600,"سمك نازلي (Urophycis spp., Merluccius sp).",https://www.bing.com/images/search?q=%D8%B3%D9%85%D9%83%20%D9%86%D8%A7%D8%B2%D9%84%D9%8A,https://globaltradehelpdesk.org/ar/resources/search-hs-code?code=03036600,[]
92198,2025-06-08T18:26:55.494201+00:00,سمك بولاك الاسكا (Theragra chalcogramma).,3036700.0,2,150.0,50.0,200.0,وزن,0,3036700,سمك بولاك الاسكا (Theragra chalcogramma).,https://www.bing.com/images/search?q=%D8%B3%D9%85%D9%83%20%D8%A8%D9%88%D9%84%D8%A7%D9%83%20%D8%A7%D9%84%D8%A7%D8%B3%D9%83%D8%A7,https://globaltradehelpdesk.org/ar/resources/search-hs-code?code=03036700,[]
92199,2025-06-08T18:26:55.494201+00:00,"سمك قد أزرق (Micromesistius  poutassou , Micromesistius australis ).",3036800.0,2,150.0,50.0,200.0,وزن,0,3036800,"سمك قد أزرق (Micromesistius  poutassou , Micromesistius australis ).",https://www.bing.com/images/search?q=%D8%B3%D9%85%D9%83%20%D9%82%D8%AF%20%D8%A3%D8%B2%D8%B1%D9%82,https://globaltradehelpdesk.org/ar/resources/search-hs-code?code=03036800,[]
92200,2025-06-08T18:26:55.494201+00:00,غيرها,3036900.0,2,150.0,50.0,200.0,وزن,0,3036900,غيرها,https://www.bing.com/images/search?q=%D8%BA%D9%8A%D8%B1%D9%87%D8%A7,https://globaltradehelpdesk.org/ar/resources/search-hs-code?code=03036900,[]
92201,2025-06-08T18:26:55.494201+00:00,"كلاب البحر ""Dog fish"" وغيرها من أسماك القرش",3038100.0,2,150.0,50.0,200.0,وزن,0,3038100,"كلاب البحر ""Dog fish"" وغيرها من أسماك القرش",https://www.bing.com/images/search?q=%D9%83%D9%84%D8%A7%D8%A8%20%D8%A7%D9%84%D8%A8%D8%AD%D8%B1%20%22Dog%20fish%22%20%D9%88%D8%BA%D9%8A%D8%B1%D9%87%D8%A7%20%D9%85%D9%86%20%D8%A3%D8%B3%D9%85%D8%A7%D9%83%20%D8%A7%D9%84%D9%82%D8%B1%D8%B4,https://globaltradehelpdesk.org/ar/resources/search-hs-code?code=03038100,[]
92202,2025-06-08T18:26:55.494201+00:00,سمك الشفنين البحري وسمك مفلطح طويل الذيل (السفن) (Rajidae).,3038200.0,2,150.0,50.0,200.0,وزن,0,3038200,سمك الشفنين البحري وسمك مفلطح طويل الذيل (السفن) (Rajidae).,https://www.bing.com/images/search?q=%D8%B3%D9%85%D9%83%20%D8%A7%D9%84%D8%B4%D9%81%D9%86%D9%8A%D9%86%20%D8%A7%D9%84%D8%A8%D8%AD%D8%B1%D9%8A%20%D9%88%D8%B3%D9%85%D9%83%20%D9%85%D9%81%D9%84%D8%B7%D8%AD%20%D8%B7%D9%88%D9%8A%D9%84%20%D8%A7%D9%84%D8%B0%D9%8A%D9%84,https://globaltradehelpdesk.org/ar/resources/search-hs-code?code=03038200,[]
92203,2025-06-08T18:26:55.494201+00:00,سمك أبو سن (Dissostichus spp.).,3038300.0,2,150.0,50.0,200.0,وزن,0,3038300,سمك أبو سن (Dissostichus spp.).,https://www.bing.com/images/search?q=%D8%B3%D9%85%D9%83%20%D8%A3%D8%A8%D9%88%20%D8%B3%D9%86,https://globaltradehelpdesk.org/ar/resources/search-hs-code?code=03038300,[]
92204,2025-06-08T18:26:55.494201+00:00,"القاروس(bars) (ذئب البحر ""loups"") (ديسنتراركوس)",3038400.0,2,150.0,50.0,200.0,وزن,0,3038400,"القاروس(bars) (ذئب البحر ""loups"") (ديسنتراركوس)",https://www.bing.com/images/search?q=%D8%A7%D9%84%D9%82%D8%A7%D8%B1%D9%88%D8%B3,https://globaltradehelpdesk.org/ar/resources/search-hs-code?code=03038400,[]
92205,2025-06-08T18:26:55.494201+00:00,غيرها,3038900.0,2,150.0,50.0,200.0,وزن,0,3038900,غيرها,https://www.bing.com/images/search?q=%D8%BA%D9%8A%D8%B1%D9%87%D8%A7,https://globaltradehelpdesk.org/ar/resources/search-hs-code?code=03038900,[]
92206,2025-06-08T18:26:55.494201+00:00,أكباد وبيض وغدد تذكير,3039000.0,2,150.0,50.0,200.0,وزن,0,3039000,أكباد وبيض وغدد تذكير,https://www.bing.com/images/search?q=%D8%A3%D9%83%D8%A8%D8%A7%D8%AF%20%D9%88%D8%A8%D9%8A%D8%B6%20%D9%88%D8%BA%D8%AF%D8%AF%20%D8%AA%D8%B0%D9%83%D9%8A%D8%B1,https://globaltradehelpdesk.org/ar/resources/search-hs-code?code=03039000,[]
92207,2025-06-08T18:26:55.494201+00:00,أكباد وبيض وغدد تذكير (بطارخ).,3039100.0,2,150.0,50.0,200.0,وزن,0,3039100,أكباد وبيض وغدد تذكير (بطارخ).,https://www.bing.com/images/search?q=%D8%A3%D9%83%D8%A8%D8%A7%D8%AF%20%D9%88%D8%A8%D9%8A%D8%B6%20%D9%88%D8%BA%D8%AF%D8%AF%20%D8%AA%D8%B0%D9%83%D9%8A%D8%B1,https://globaltradehelpdesk.org/ar/resources/search-hs-code?code=03039100,[]
92208,2025-06-08T18:26:55.494201+00:00,زعانف سمك القرش,3039200.0,2,150.0,50.0,200.0,وزن,0,3039200,زعانف سمك القرش,https://www.bing.com/images/search?q=%D8%B2%D8%B9%D8%A7%D9%86%D9%81%20%D8%B3%D9%85%D9%83%20%D8%A7%D9%84%D9%82%D8%B1%D8%B4,https://globaltradehelpdesk.org/ar/resources/search-hs-code?code=03039200,[]
92209,2025-06-08T18:26:55.494201+00:00,غيرها,3039900.0,2,150.0,50.0,200.0,وزن,0,3039900,غيرها,https://www.bing.com/images/search?q=%D8%BA%D9%8A%D8%B1%D9%87%D8%A7,https://globaltradehelpdesk.org/ar/resources/search-hs-code?code=03039900,[]
92210,2025-06-08T18:26:55.494201+00:00,سمك البلطى (نوع Oreochromis ).,3043100.0,2,150.0,50.0,200.0,وزن,0,3043100,سمك البلطى (نوع Oreochromis ).,https://www.bing.com/images/search?q=%D8%B3%D9%85%D9%83%20%D8%A7%D9%84%D8%A8%D9%84%D8%B7%D9%89,https://globaltradehelpdesk.org/ar/resources/search-hs-code?code=03043100,[]
92212,2025-06-08T18:26:55.494201+00:00,سمك نهر النيل (البياض النيلي) (Lates niloticus).,3043300.0,2,150.0,50.0,200.0,وزن,0,3043300,سمك نهر النيل (البياض النيلي) (Lates niloticus).,https://www.bing.com/images/search?q=%D8%B3%D9%85%D9%83%20%D9%86%D9%87%D8%B1%20%D8%A7%D9%84%D9%86%D9%8A%D9%84,https://globaltradehelpdesk.org/ar/resources/search-hs-code?code=03043300,[]
92213,2025-06-08T18:26:55.494201+00:00,غيرها,3043900.0,2,150.0,50.0,200.0,وزن,0,3043900,غيرها,https://www.bing.com/images/search?q=%D8%BA%D9%8A%D8%B1%D9%87%D8%A7,https://globaltradehelpdesk.org/ar/resources/search-hs-code?code=03043900,[]
92214,2025-06-08T18:26:55.494201+00:00,"سلمون المحيط الهادي ( Oncorhynchus nerka  ,Oncorhynchus gorbucsha , Oncorhynchus keta ,Oncorhynchus tschawytsha, Oncorhynchus kisutch , Oncorhynchus masou, Oncorhynchus Rhodurus )  سمك سلمون المحيط الأطلنطي  (Salmo salar)، سمك الدانوب (Hucho Hucho).",3044100.0,2,150.0,50.0,200.0,وزن,0,3044100,"سلمون المحيط الهادي ( Oncorhynchus nerka  ,Oncorhynchus gorbucsha , Oncorhynchus keta ,Oncorhynchus tschawytsha, Oncorhynchus kisutch , Oncorhynchus masou, Oncorhynchus Rhodurus )  سمك سلمون المحيط الأطلنطي  (Salmo salar)، سمك الدانوب (Hucho Hucho).",https://www.bing.com/images/search?q=%D8%B3%D9%84%D9%85%D9%88%D9%86%20%D8%A7%D9%84%D9%85%D8%AD%D9%8A%D8%B7%20%D8%A7%D9%84%D9%87%D8%A7%D8%AF%D9%8A%20%D8%B3%D9%85%D9%83%20%D8%B3%D9%84%D9%85%D9%88%D9%86%20%D8%A7%D9%84%D9%85%D8%AD%D9%8A%D8%B7%20%D8%A7%D9%84%D8%A3%D8%B7%D9%84%D9%86%D8%B7%D9%8A%20%D8%B3%D9%85%D9%83%20%D8%A7%D9%84%D8%AF%D8%A7%D9%86%D9%88%D8%A8,https://globaltradehelpdesk.org/ar/resources/search-hs-code?code=03044100,[]
92215,2025-06-08T18:26:55.494201+00:00,"سمك الترويت (Salmo trutta ,Oncorhynchus mykiss  ,Oncorhynchus clarki ,Oncorhynchus aguabonita, Oncorhynchus gilae , Oncorhynchus apache , Oncorhynchus  chrysogaster).",3044200.0,2,150.0,50.0,200.0,وزن,0,3044200,"سمك الترويت (Salmo trutta ,Oncorhynchus mykiss  ,Oncorhynchus clarki ,Oncorhynchus aguabonita, Oncorhynchus gilae , Oncorhynchus apache , Oncorhynchus  chrysogaster).",https://www.bing.com/images/search?q=%D8%B3%D9%85%D9%83%20%D8%A7%D9%84%D8%AA%D8%B1%D9%88%D9%8A%D8%AA,https://globaltradehelpdesk.org/ar/resources/search-hs-code?code=03044200,[]
92216,2025-06-08T18:26:55.494201+00:00,"أسماك مفلطحة (Pleuronectidae ,Bothidae, Cynoglossidae Soleidae, Scophthalmidae و Citharidae).",3044300.0,2,150.0,50.0,200.0,وزن,0,3044300,"أسماك مفلطحة (Pleuronectidae ,Bothidae, Cynoglossidae Soleidae, Scophthalmidae و Citharidae).",https://www.bing.com/images/search?q=%D8%A3%D8%B3%D9%85%D8%A7%D9%83%20%D9%85%D9%81%D9%84%D8%B7%D8%AD%D8%A9,https://globaltradehelpdesk.org/ar/resources/search-hs-code?code=03044300,[]
92217,2025-06-08T18:26:55.494201+00:00,"أسماك من عائلة (Bregmacerotidae Euclichthyidae, ,Gadidae,  Moridae, Merlucciidae, Melanonidae, Macrouridae  و Muraenolepididae ).",3044400.0,2,150.0,50.0,200.0,وزن,0,3044400,"أسماك من عائلة (Bregmacerotidae Euclichthyidae, ,Gadidae,  Moridae, Merlucciidae, Melanonidae, Macrouridae  و Muraenolepididae ).",https://www.bing.com/images/search?q=%D8%A3%D8%B3%D9%85%D8%A7%D9%83%20%D9%85%D9%86%20%D8%B9%D8%A7%D8%A6%D9%84%D8%A9,https://globaltradehelpdesk.org/ar/resources/search-hs-code?code=03044400,[]
92218,2025-06-08T18:26:55.494201+00:00,سمك أبو سيف أو سياف البحر من فصيلة (كسيفياس غلاديوس),3044500.0,2,150.0,50.0,200.0,وزن,0,3044500,سمك أبو سيف أو سياف البحر من فصيلة (كسيفياس غلاديوس),https://www.bing.com/images/search?q=%D8%B3%D9%85%D9%83%20%D8%A3%D8%A8%D9%88%20%D8%B3%D9%8A%D9%81%20%D8%A3%D9%88%20%D8%B3%D9%8A%D8%A7%D9%81%20%D8%A7%D9%84%D8%A8%D8%AD%D8%B1%20%D9%85%D9%86%20%D9%81%D8%B5%D9%8A%D9%84%D8%A9,https://globaltradehelpdesk.org/ar/resources/search-hs-code?code=03044500,[]
92219,2025-06-08T18:26:55.494201+00:00,سمك أبو سن (  Dissostichus).,3044600.0,2,150.0,50.0,200.0,وزن,0,3044600,سمك أبو سن (  Dissostichus).,https://www.bing.com/images/search?q=%D8%B3%D9%85%D9%83%20%D8%A3%D8%A8%D9%88%20%D8%B3%D9%86,https://globaltradehelpdesk.org/ar/resources/search-hs-code?code=03044600,[]
92220,2025-06-08T18:26:55.494201+00:00,كلاب البحرو غيرها من أسماك القرش,3044700.0,2,150.0,50.0,200.0,وزن,0,3044700,كلاب البحرو غيرها من أسماك القرش,https://www.bing.com/images/search?q=%D9%83%D9%84%D8%A7%D8%A8%20%D8%A7%D9%84%D8%A8%D8%AD%D8%B1%D9%88%20%D8%BA%D9%8A%D8%B1%D9%87%D8%A7%20%D9%85%D9%86%20%D8%A3%D8%B3%D9%85%D8%A7%D9%83%20%D8%A7%D9%84%D9%82%D8%B1%D8%B4,https://globaltradehelpdesk.org/ar/resources/search-hs-code?code=03044700,[]
92221,2025-06-08T18:26:55.494201+00:00,سمك الشفنين و سمك مفلطح طويل الذيل (السفن) (Rajidae),3044800.0,2,150.0,50.0,200.0,وزن,0,3044800,سمك الشفنين و سمك مفلطح طويل الذيل (السفن) (Rajidae),https://www.bing.com/images/search?q=%D8%B3%D9%85%D9%83%20%D8%A7%D9%84%D8%B4%D9%81%D9%86%D9%8A%D9%86%20%D8%B3%D9%85%D9%83%20%D9%85%D9%81%D9%84%D8%B7%D8%AD%20%D8%B7%D9%88%D9%8A%D9%84%20%D8%A7%D9%84%D8%B0%D9%8A%D9%84,https://globaltradehelpdesk.org/ar/resources/search-hs-code?code=03044800,[]
92222,2025-06-08T18:26:55.494201+00:00,غيرها,3044900.0,2,150.0,50.0,200.0,وزن,0,3044900,غيرها,https://www.bing.com/images/search?q=%D8%BA%D9%8A%D8%B1%D9%87%D8%A7,https://globaltradehelpdesk.org/ar/resources/search-hs-code?code=03044900,[]
92223,2025-06-08T18:26:55.494201+00:00,"سمك البلطى (Oreochromis spp.)، السيللوريات ( Pangasius spp. Silurus spp., Clarias spp., , Ictalurus spp.) سمك الشبوط (Cyprinus spp. Carassius spp., Ctenopharyngodon idellus Hypophthalmichthys spp., Cirrhinus spp., Mylopharyngodon piceus Catla catla, Labeo spp., Osteochilus hasselti, Leptobarbus hoevni Megalobrama spp.,)، سمك نهر النيل (البياض النيلي) (Lates niloticus).",3045100.0,2,150.0,50.0,200.0,وزن,0,3045100,"سمك البلطى (Oreochromis spp.)، السيللوريات ( Pangasius spp. Silurus spp., Clarias spp., , Ictalurus spp.) سمك الشبوط (Cyprinus spp. Carassius spp., Ctenopharyngodon idellus Hypophthalmichthys spp., Cirrhinus spp., Mylopharyngodon piceus Catla catla, Labeo spp., Osteochilus hasselti, Leptobarbus hoevni Megalobrama spp.,)، سمك نهر النيل (البياض النيلي) (Lates niloticus).",https://www.bing.com/images/search?q=%D8%B3%D9%85%D9%83%20%D8%A7%D9%84%D8%A8%D9%84%D8%B7%D9%89%20%D8%A7%D9%84%D8%B3%D9%8A%D9%84%D9%84%D9%88%D8%B1%D9%8A%D8%A7%D8%AA%20%D8%B3%D9%85%D9%83%20%D8%A7%D9%84%D8%B4%D8%A8%D9%88%D8%B7%20%D8%B3%D9%85%D9%83%20%D9%86%D9%87%D8%B1%20%D8%A7%D9%84%D9%86%D9%8A%D9%84,https://globaltradehelpdesk.org/ar/resources/search-hs-code?code=03045100,[]
92224,2025-06-08T18:26:55.494201+00:00,من فصيلة السلمون(salmonidae),3045200.0,2,150.0,50.0,200.0,وزن,0,3045200,من فصيلة السلمون(salmonidae),https://www.bing.com/images/search?q=%D9%85%D9%86%20%D9%81%D8%B5%D9%8A%D9%84%D8%A9%20%D8%A7%D9%84%D8%B3%D9%84%D9%85%D9%88%D9%86,https://globaltradehelpdesk.org/ar/resources/search-hs-code?code=03045200,[]
92225,2025-06-08T18:26:55.494201+00:00,"أسماك من عائلة (Bregmacerotidae Euclichthyidae, Gadidae, Macrouridae Melanonidae, Merlucciidae, Moridae,  و  Muraenolepididae).",3045300.0,2,150.0,50.0,200.0,وزن,0,3045300,"أسماك من عائلة (Bregmacerotidae Euclichthyidae, Gadidae, Macrouridae Melanonidae, Merlucciidae, Moridae,  و  Muraenolepididae).",https://www.bing.com/images/search?q=%D8%A3%D8%B3%D9%85%D8%A7%D9%83%20%D9%85%D9%86%20%D8%B9%D8%A7%D8%A6%D9%84%D8%A9,https://globaltradehelpdesk.org/ar/resources/search-hs-code?code=03045300,[]
